run_id,task,activation,seed,metric,row_index,value
334329ff-bcaf-4e64-bad4-31758f17bee1,lm_large,relu,7,val_ppl,556,84.49073028564453
334329ff-bcaf-4e64-bad4-31758f17bee1,lm_large,relu,7,val_ppl,1114,70.38180541992188
334329ff-bcaf-4e64-bad4-31758f17bee1,lm_large,relu,7,val_ppl,1672,67.5233154296875
334329ff-bcaf-4e64-bad4-31758f17bee1,lm_large,relu,7,val_loss,556,4.417665481567383
334329ff-bcaf-4e64-bad4-31758f17bee1,lm_large,relu,7,val_loss,1114,4.232512950897217
334329ff-bcaf-4e64-bad4-31758f17bee1,lm_large,relu,7,val_loss,1672,4.190566539764404
334329ff-bcaf-4e64-bad4-31758f17bee1,lm_large,relu,7,train_loss_epoch,557,5.130556106567383
334329ff-bcaf-4e64-bad4-31758f17bee1,lm_large,relu,7,train_loss_epoch,1115,4.517633438110352
334329ff-bcaf-4e64-bad4-31758f17bee1,lm_large,relu,7,train_loss_epoch,1673,4.406020641326904
ebd43f55-137f-4719-b806-aa553a678981,lm_large,relu,2,val_ppl,556,84.29194641113281
ebd43f55-137f-4719-b806-aa553a678981,lm_large,relu,2,val_ppl,1114,68.7915267944336
ebd43f55-137f-4719-b806-aa553a678981,lm_large,relu,2,val_ppl,1672,65.58952331542969
ebd43f55-137f-4719-b806-aa553a678981,lm_large,relu,2,val_loss,556,4.413853645324707
ebd43f55-137f-4719-b806-aa553a678981,lm_large,relu,2,val_loss,1114,4.2095723152160645
ebd43f55-137f-4719-b806-aa553a678981,lm_large,relu,2,val_loss,1672,4.161198616027832
ebd43f55-137f-4719-b806-aa553a678981,lm_large,relu,2,train_loss_epoch,557,5.135141849517822
ebd43f55-137f-4719-b806-aa553a678981,lm_large,relu,2,train_loss_epoch,1115,4.507482051849365
ebd43f55-137f-4719-b806-aa553a678981,lm_large,relu,2,train_loss_epoch,1673,4.38478422164917
074644dd-c3c2-46e2-982c-3ba1d48b00af,lm_large,relu,4,val_ppl,556,83.91703796386719
074644dd-c3c2-46e2-982c-3ba1d48b00af,lm_large,relu,4,val_ppl,1114,68.84491729736328
074644dd-c3c2-46e2-982c-3ba1d48b00af,lm_large,relu,4,val_ppl,1672,65.7926025390625
074644dd-c3c2-46e2-982c-3ba1d48b00af,lm_large,relu,4,val_loss,556,4.410645008087158
074644dd-c3c2-46e2-982c-3ba1d48b00af,lm_large,relu,4,val_loss,1114,4.210566997528076
074644dd-c3c2-46e2-982c-3ba1d48b00af,lm_large,relu,4,val_loss,1672,4.164883613586426
074644dd-c3c2-46e2-982c-3ba1d48b00af,lm_large,relu,4,train_loss_epoch,557,5.13024377822876
074644dd-c3c2-46e2-982c-3ba1d48b00af,lm_large,relu,4,train_loss_epoch,1115,4.508606910705566
074644dd-c3c2-46e2-982c-3ba1d48b00af,lm_large,relu,4,train_loss_epoch,1673,4.389772891998291
13c3c6fd-2f7d-42a1-8baf-85763f3912c1,lm_large,relu,5,val_ppl,556,84.28266143798828
13c3c6fd-2f7d-42a1-8baf-85763f3912c1,lm_large,relu,5,val_ppl,1114,68.9906005859375
13c3c6fd-2f7d-42a1-8baf-85763f3912c1,lm_large,relu,5,val_ppl,1672,65.86906433105469
13c3c6fd-2f7d-42a1-8baf-85763f3912c1,lm_large,relu,5,val_loss,556,4.414340496063232
13c3c6fd-2f7d-42a1-8baf-85763f3912c1,lm_large,relu,5,val_loss,1114,4.212677001953125
13c3c6fd-2f7d-42a1-8baf-85763f3912c1,lm_large,relu,5,val_loss,1672,4.165594100952148
13c3c6fd-2f7d-42a1-8baf-85763f3912c1,lm_large,relu,5,train_loss_epoch,557,5.130794525146484
13c3c6fd-2f7d-42a1-8baf-85763f3912c1,lm_large,relu,5,train_loss_epoch,1115,4.509409427642822
13c3c6fd-2f7d-42a1-8baf-85763f3912c1,lm_large,relu,5,train_loss_epoch,1673,4.389777660369873
5b6ed0ca-d455-4232-9288-0e6c0052a953,lm_large,relu,3,val_ppl,556,84.50302124023438
5b6ed0ca-d455-4232-9288-0e6c0052a953,lm_large,relu,3,val_ppl,1114,68.27574157714844
5b6ed0ca-d455-4232-9288-0e6c0052a953,lm_large,relu,3,val_ppl,1672,65.44969177246094
5b6ed0ca-d455-4232-9288-0e6c0052a953,lm_large,relu,3,val_loss,556,4.416684150695801
5b6ed0ca-d455-4232-9288-0e6c0052a953,lm_large,relu,3,val_loss,1114,4.201504707336426
5b6ed0ca-d455-4232-9288-0e6c0052a953,lm_large,relu,3,val_loss,1672,4.158867359161377
5b6ed0ca-d455-4232-9288-0e6c0052a953,lm_large,relu,3,train_loss_epoch,557,5.133528709411621
5b6ed0ca-d455-4232-9288-0e6c0052a953,lm_large,relu,3,train_loss_epoch,1115,4.505985736846924
5b6ed0ca-d455-4232-9288-0e6c0052a953,lm_large,relu,3,train_loss_epoch,1673,4.381347179412842
1a707f36-4c48-48e1-9c38-161cd277ee50,lm_large,relu,0,val_ppl,556,85.43551635742188
1a707f36-4c48-48e1-9c38-161cd277ee50,lm_large,relu,0,val_ppl,1114,69.80262756347656
1a707f36-4c48-48e1-9c38-161cd277ee50,lm_large,relu,0,val_ppl,1672,66.68610382080078
1a707f36-4c48-48e1-9c38-161cd277ee50,lm_large,relu,0,val_loss,556,4.427545547485352
1a707f36-4c48-48e1-9c38-161cd277ee50,lm_large,relu,0,val_loss,1114,4.223801612854004
1a707f36-4c48-48e1-9c38-161cd277ee50,lm_large,relu,0,val_loss,1672,4.177840232849121
1a707f36-4c48-48e1-9c38-161cd277ee50,lm_large,relu,0,train_loss_epoch,557,5.140811443328857
1a707f36-4c48-48e1-9c38-161cd277ee50,lm_large,relu,0,train_loss_epoch,1115,4.521610736846924
1a707f36-4c48-48e1-9c38-161cd277ee50,lm_large,relu,0,train_loss_epoch,1673,4.399220943450928
73f21d43-fd84-44e8-b28a-aa3cbc6fcc0d,lm_large,relu,1,val_ppl,556,84.51110076904297
73f21d43-fd84-44e8-b28a-aa3cbc6fcc0d,lm_large,relu,1,val_ppl,1114,69.4222412109375
73f21d43-fd84-44e8-b28a-aa3cbc6fcc0d,lm_large,relu,1,val_ppl,1672,66.40560150146484
73f21d43-fd84-44e8-b28a-aa3cbc6fcc0d,lm_large,relu,1,val_loss,556,4.4164581298828125
73f21d43-fd84-44e8-b28a-aa3cbc6fcc0d,lm_large,relu,1,val_loss,1114,4.218076229095459
73f21d43-fd84-44e8-b28a-aa3cbc6fcc0d,lm_large,relu,1,val_loss,1672,4.173572063446045
73f21d43-fd84-44e8-b28a-aa3cbc6fcc0d,lm_large,relu,1,train_loss_epoch,557,5.130626678466797
73f21d43-fd84-44e8-b28a-aa3cbc6fcc0d,lm_large,relu,1,train_loss_epoch,1115,4.513401985168457
73f21d43-fd84-44e8-b28a-aa3cbc6fcc0d,lm_large,relu,1,train_loss_epoch,1673,4.39408016204834
141e5cff-5275-4d56-9b63-7747daabc0e5,lm_large,relu,6,val_ppl,556,83.93997955322266
141e5cff-5275-4d56-9b63-7747daabc0e5,lm_large,relu,6,val_ppl,1114,68.91598510742188
141e5cff-5275-4d56-9b63-7747daabc0e5,lm_large,relu,6,val_ppl,1672,65.7175521850586
141e5cff-5275-4d56-9b63-7747daabc0e5,lm_large,relu,6,val_loss,556,4.409646987915039
141e5cff-5275-4d56-9b63-7747daabc0e5,lm_large,relu,6,val_loss,1114,4.210813522338867
141e5cff-5275-4d56-9b63-7747daabc0e5,lm_large,relu,6,val_loss,1672,4.16283655166626
141e5cff-5275-4d56-9b63-7747daabc0e5,lm_large,relu,6,train_loss_epoch,557,5.131686687469482
141e5cff-5275-4d56-9b63-7747daabc0e5,lm_large,relu,6,train_loss_epoch,1115,4.506779193878174
141e5cff-5275-4d56-9b63-7747daabc0e5,lm_large,relu,6,train_loss_epoch,1673,4.385782241821289
1bd3b6d8-306a-429e-acd7-99ea0db1a0ca,lm_large,leaky,5,val_ppl,556,84.13445281982422
1bd3b6d8-306a-429e-acd7-99ea0db1a0ca,lm_large,leaky,5,val_ppl,1114,68.91207885742188
1bd3b6d8-306a-429e-acd7-99ea0db1a0ca,lm_large,leaky,5,val_ppl,1672,65.6968994140625
1bd3b6d8-306a-429e-acd7-99ea0db1a0ca,lm_large,leaky,5,val_loss,556,4.412823677062988
1bd3b6d8-306a-429e-acd7-99ea0db1a0ca,lm_large,leaky,5,val_loss,1114,4.211448669433594
1bd3b6d8-306a-429e-acd7-99ea0db1a0ca,lm_large,leaky,5,val_loss,1672,4.16295051574707
1bd3b6d8-306a-429e-acd7-99ea0db1a0ca,lm_large,leaky,5,train_loss_epoch,557,5.130682945251465
1bd3b6d8-306a-429e-acd7-99ea0db1a0ca,lm_large,leaky,5,train_loss_epoch,1115,4.509132385253906
1bd3b6d8-306a-429e-acd7-99ea0db1a0ca,lm_large,leaky,5,train_loss_epoch,1673,4.387171745300293
df9fc785-36fc-46ae-87ad-f5594458108d,lm_large,leaky,1,val_ppl,556,84.82184600830078
df9fc785-36fc-46ae-87ad-f5594458108d,lm_large,leaky,1,val_ppl,1114,69.65745544433594
df9fc785-36fc-46ae-87ad-f5594458108d,lm_large,leaky,1,val_ppl,1672,66.66069030761719
df9fc785-36fc-46ae-87ad-f5594458108d,lm_large,leaky,1,val_loss,556,4.41991662979126
df9fc785-36fc-46ae-87ad-f5594458108d,lm_large,leaky,1,val_loss,1114,4.221797466278076
df9fc785-36fc-46ae-87ad-f5594458108d,lm_large,leaky,1,val_loss,1672,4.177489280700684
df9fc785-36fc-46ae-87ad-f5594458108d,lm_large,leaky,1,train_loss_epoch,557,5.132643222808838
df9fc785-36fc-46ae-87ad-f5594458108d,lm_large,leaky,1,train_loss_epoch,1115,4.517804145812988
df9fc785-36fc-46ae-87ad-f5594458108d,lm_large,leaky,1,train_loss_epoch,1673,4.399956226348877
66d3e9c8-e002-4fdb-91ac-29cb3350f8a3,lm_large,leaky,3,val_ppl,556,84.64659881591797
66d3e9c8-e002-4fdb-91ac-29cb3350f8a3,lm_large,leaky,3,val_ppl,1114,68.0501937866211
66d3e9c8-e002-4fdb-91ac-29cb3350f8a3,lm_large,leaky,3,val_ppl,1672,65.28083038330078
66d3e9c8-e002-4fdb-91ac-29cb3350f8a3,lm_large,leaky,3,val_loss,556,4.4183759689331055
66d3e9c8-e002-4fdb-91ac-29cb3350f8a3,lm_large,leaky,3,val_loss,1114,4.198197841644287
66d3e9c8-e002-4fdb-91ac-29cb3350f8a3,lm_large,leaky,3,val_loss,1672,4.156311988830566
66d3e9c8-e002-4fdb-91ac-29cb3350f8a3,lm_large,leaky,3,train_loss_epoch,557,5.1338653564453125
66d3e9c8-e002-4fdb-91ac-29cb3350f8a3,lm_large,leaky,3,train_loss_epoch,1115,4.505899906158447
66d3e9c8-e002-4fdb-91ac-29cb3350f8a3,lm_large,leaky,3,train_loss_epoch,1673,4.381229877471924
1d8f4da2-d37e-4ace-ab93-c2b051532949,lm_large,leaky,6,val_ppl,556,83.98926544189453
1d8f4da2-d37e-4ace-ab93-c2b051532949,lm_large,leaky,6,val_ppl,1114,69.03060913085938
1d8f4da2-d37e-4ace-ab93-c2b051532949,lm_large,leaky,6,val_ppl,1672,65.86222839355469
1d8f4da2-d37e-4ace-ab93-c2b051532949,lm_large,leaky,6,val_loss,556,4.410146236419678
1d8f4da2-d37e-4ace-ab93-c2b051532949,lm_large,leaky,6,val_loss,1114,4.212942600250244
1d8f4da2-d37e-4ace-ab93-c2b051532949,lm_large,leaky,6,val_loss,1672,4.165614128112793
1d8f4da2-d37e-4ace-ab93-c2b051532949,lm_large,leaky,6,train_loss_epoch,557,5.131345748901367
1d8f4da2-d37e-4ace-ab93-c2b051532949,lm_large,leaky,6,train_loss_epoch,1115,4.5078125
1d8f4da2-d37e-4ace-ab93-c2b051532949,lm_large,leaky,6,train_loss_epoch,1673,4.387363910675049
41a76b3e-792a-4bfb-a5b9-68ac9b759e05,lm_large,leaky,2,val_ppl,556,84.12176513671875
41a76b3e-792a-4bfb-a5b9-68ac9b759e05,lm_large,leaky,2,val_ppl,1114,68.28726196289062
41a76b3e-792a-4bfb-a5b9-68ac9b759e05,lm_large,leaky,2,val_ppl,1672,65.21867370605469
41a76b3e-792a-4bfb-a5b9-68ac9b759e05,lm_large,leaky,2,val_loss,556,4.411793231964111
41a76b3e-792a-4bfb-a5b9-68ac9b759e05,lm_large,leaky,2,val_loss,1114,4.202391147613525
41a76b3e-792a-4bfb-a5b9-68ac9b759e05,lm_large,leaky,2,val_loss,1672,4.155738830566406
41a76b3e-792a-4bfb-a5b9-68ac9b759e05,lm_large,leaky,2,train_loss_epoch,557,5.134677410125732
41a76b3e-792a-4bfb-a5b9-68ac9b759e05,lm_large,leaky,2,train_loss_epoch,1115,4.504931926727295
41a76b3e-792a-4bfb-a5b9-68ac9b759e05,lm_large,leaky,2,train_loss_epoch,1673,4.381976127624512
ef1935db-c4d8-44b3-8092-8484009baf5d,lm_large,leaky,4,val_ppl,556,83.79576873779297
ef1935db-c4d8-44b3-8092-8484009baf5d,lm_large,leaky,4,val_ppl,1114,68.91580200195312
ef1935db-c4d8-44b3-8092-8484009baf5d,lm_large,leaky,4,val_ppl,1672,65.8210220336914
ef1935db-c4d8-44b3-8092-8484009baf5d,lm_large,leaky,4,val_loss,556,4.408897399902344
ef1935db-c4d8-44b3-8092-8484009baf5d,lm_large,leaky,4,val_loss,1114,4.211297035217285
ef1935db-c4d8-44b3-8092-8484009baf5d,lm_large,leaky,4,val_loss,1672,4.165007591247559
ef1935db-c4d8-44b3-8092-8484009baf5d,lm_large,leaky,4,train_loss_epoch,557,5.129932880401611
ef1935db-c4d8-44b3-8092-8484009baf5d,lm_large,leaky,4,train_loss_epoch,1115,4.507870197296143
ef1935db-c4d8-44b3-8092-8484009baf5d,lm_large,leaky,4,train_loss_epoch,1673,4.389516830444336
4c632b30-2096-4a72-83d8-36dc90d1efd4,lm_large,leaky,7,val_ppl,556,84.66079711914062
4c632b30-2096-4a72-83d8-36dc90d1efd4,lm_large,leaky,7,val_ppl,1114,70.64662170410156
4c632b30-2096-4a72-83d8-36dc90d1efd4,lm_large,leaky,7,val_ppl,1672,67.68773651123047
4c632b30-2096-4a72-83d8-36dc90d1efd4,lm_large,leaky,7,val_loss,556,4.419578075408936
4c632b30-2096-4a72-83d8-36dc90d1efd4,lm_large,leaky,7,val_loss,1114,4.236008644104004
4c632b30-2096-4a72-83d8-36dc90d1efd4,lm_large,leaky,7,val_loss,1672,4.192741394042969
4c632b30-2096-4a72-83d8-36dc90d1efd4,lm_large,leaky,7,train_loss_epoch,557,5.131981372833252
4c632b30-2096-4a72-83d8-36dc90d1efd4,lm_large,leaky,7,train_loss_epoch,1115,4.520261287689209
4c632b30-2096-4a72-83d8-36dc90d1efd4,lm_large,leaky,7,train_loss_epoch,1673,4.408986568450928
a693a43e-11e0-4a4e-886f-465fb17c6990,lm_large,leaky,0,val_ppl,556,85.17627716064453
a693a43e-11e0-4a4e-886f-465fb17c6990,lm_large,leaky,0,val_ppl,1114,69.64463806152344
a693a43e-11e0-4a4e-886f-465fb17c6990,lm_large,leaky,0,val_ppl,1672,66.47582244873047
a693a43e-11e0-4a4e-886f-465fb17c6990,lm_large,leaky,0,val_loss,556,4.424469470977783
a693a43e-11e0-4a4e-886f-465fb17c6990,lm_large,leaky,0,val_loss,1114,4.221232891082764
a693a43e-11e0-4a4e-886f-465fb17c6990,lm_large,leaky,0,val_loss,1672,4.1743268966674805
a693a43e-11e0-4a4e-886f-465fb17c6990,lm_large,leaky,0,train_loss_epoch,557,5.141016006469727
a693a43e-11e0-4a4e-886f-465fb17c6990,lm_large,leaky,0,train_loss_epoch,1115,4.520040988922119
a693a43e-11e0-4a4e-886f-465fb17c6990,lm_large,leaky,0,train_loss_epoch,1673,4.398605823516846
2c2ee54b-81ed-40c0-886d-acd6eab713eb,lm_large,mish,3,val_ppl,556,85.79500579833984
2c2ee54b-81ed-40c0-886d-acd6eab713eb,lm_large,mish,3,val_ppl,1114,69.598388671875
2c2ee54b-81ed-40c0-886d-acd6eab713eb,lm_large,mish,3,val_ppl,1672,66.76898956298828
2c2ee54b-81ed-40c0-886d-acd6eab713eb,lm_large,mish,3,val_loss,556,4.432085514068604
2c2ee54b-81ed-40c0-886d-acd6eab713eb,lm_large,mish,3,val_loss,1114,4.220712184906006
2c2ee54b-81ed-40c0-886d-acd6eab713eb,lm_large,mish,3,val_loss,1672,4.179000854492188
2c2ee54b-81ed-40c0-886d-acd6eab713eb,lm_large,mish,3,train_loss_epoch,557,5.145136833190918
2c2ee54b-81ed-40c0-886d-acd6eab713eb,lm_large,mish,3,train_loss_epoch,1115,4.530641078948975
2c2ee54b-81ed-40c0-886d-acd6eab713eb,lm_large,mish,3,train_loss_epoch,1673,4.411370754241943
74ebe206-51d6-45f2-b405-371ee584f316,lm_large,mish,4,val_ppl,556,84.89912414550781
74ebe206-51d6-45f2-b405-371ee584f316,lm_large,mish,4,val_ppl,1114,69.4114990234375
74ebe206-51d6-45f2-b405-371ee584f316,lm_large,mish,4,val_ppl,1672,66.37310028076172
74ebe206-51d6-45f2-b405-371ee584f316,lm_large,mish,4,val_loss,556,4.421410083770752
74ebe206-51d6-45f2-b405-371ee584f316,lm_large,mish,4,val_loss,1114,4.218565940856934
74ebe206-51d6-45f2-b405-371ee584f316,lm_large,mish,4,val_loss,1672,4.1735520362854
74ebe206-51d6-45f2-b405-371ee584f316,lm_large,mish,4,train_loss_epoch,557,5.140914916992188
74ebe206-51d6-45f2-b405-371ee584f316,lm_large,mish,4,train_loss_epoch,1115,4.526154041290283
74ebe206-51d6-45f2-b405-371ee584f316,lm_large,mish,4,train_loss_epoch,1673,4.407596111297607
981a416e-3b4a-4a1a-b2fb-bc7c00bc6120,lm_large,mish,6,val_ppl,556,84.76092529296875
981a416e-3b4a-4a1a-b2fb-bc7c00bc6120,lm_large,mish,6,val_ppl,1114,70.66081237792969
981a416e-3b4a-4a1a-b2fb-bc7c00bc6120,lm_large,mish,6,val_ppl,1672,67.6327133178711
981a416e-3b4a-4a1a-b2fb-bc7c00bc6120,lm_large,mish,6,val_loss,556,4.418931484222412
981a416e-3b4a-4a1a-b2fb-bc7c00bc6120,lm_large,mish,6,val_loss,1114,4.235996723175049
981a416e-3b4a-4a1a-b2fb-bc7c00bc6120,lm_large,mish,6,val_loss,1672,4.191687107086182
981a416e-3b4a-4a1a-b2fb-bc7c00bc6120,lm_large,mish,6,train_loss_epoch,557,5.141921520233154
981a416e-3b4a-4a1a-b2fb-bc7c00bc6120,lm_large,mish,6,train_loss_epoch,1115,4.530561923980713
981a416e-3b4a-4a1a-b2fb-bc7c00bc6120,lm_large,mish,6,train_loss_epoch,1673,4.418208122253418
e675dab6-ae29-449e-817a-17a8aadf5e2b,lm_large,mish,0,val_ppl,556,85.87268829345703
e675dab6-ae29-449e-817a-17a8aadf5e2b,lm_large,mish,0,val_ppl,1114,71.37594604492188
e675dab6-ae29-449e-817a-17a8aadf5e2b,lm_large,mish,0,val_ppl,1672,68.32222747802734
e675dab6-ae29-449e-817a-17a8aadf5e2b,lm_large,mish,0,val_loss,556,4.43281364440918
e675dab6-ae29-449e-817a-17a8aadf5e2b,lm_large,mish,0,val_loss,1114,4.245626449584961
e675dab6-ae29-449e-817a-17a8aadf5e2b,lm_large,mish,0,val_loss,1672,4.201777458190918
e675dab6-ae29-449e-817a-17a8aadf5e2b,lm_large,mish,0,train_loss_epoch,557,5.146625518798828
e675dab6-ae29-449e-817a-17a8aadf5e2b,lm_large,mish,0,train_loss_epoch,1115,4.540380477905273
e675dab6-ae29-449e-817a-17a8aadf5e2b,lm_large,mish,0,train_loss_epoch,1673,4.429644107818604
d0e4c1a1-eb05-40d2-bd2c-899bbe7bb6d3,lm_large,mish,2,val_ppl,556,84.79678344726562
d0e4c1a1-eb05-40d2-bd2c-899bbe7bb6d3,lm_large,mish,2,val_ppl,1114,70.29367065429688
d0e4c1a1-eb05-40d2-bd2c-899bbe7bb6d3,lm_large,mish,2,val_ppl,1672,67.24134826660156
d0e4c1a1-eb05-40d2-bd2c-899bbe7bb6d3,lm_large,mish,2,val_loss,556,4.4198899269104
d0e4c1a1-eb05-40d2-bd2c-899bbe7bb6d3,lm_large,mish,2,val_loss,1114,4.231210231781006
d0e4c1a1-eb05-40d2-bd2c-899bbe7bb6d3,lm_large,mish,2,val_loss,1672,4.186066150665283
d0e4c1a1-eb05-40d2-bd2c-899bbe7bb6d3,lm_large,mish,2,train_loss_epoch,557,5.142116069793701
d0e4c1a1-eb05-40d2-bd2c-899bbe7bb6d3,lm_large,mish,2,train_loss_epoch,1115,4.529853820800781
d0e4c1a1-eb05-40d2-bd2c-899bbe7bb6d3,lm_large,mish,2,train_loss_epoch,1673,4.414543628692627
01f5cffe-ee81-4246-8c19-50d4d545c3bf,lm_large,mish,5,val_ppl,556,86.17683410644531
01f5cffe-ee81-4246-8c19-50d4d545c3bf,lm_large,mish,5,val_ppl,1114,71.59551239013672
01f5cffe-ee81-4246-8c19-50d4d545c3bf,lm_large,mish,5,val_ppl,1672,68.49723052978516
01f5cffe-ee81-4246-8c19-50d4d545c3bf,lm_large,mish,5,val_loss,556,4.436636924743652
01f5cffe-ee81-4246-8c19-50d4d545c3bf,lm_large,mish,5,val_loss,1114,4.24950647354126
01f5cffe-ee81-4246-8c19-50d4d545c3bf,lm_large,mish,5,val_loss,1672,4.204501152038574
01f5cffe-ee81-4246-8c19-50d4d545c3bf,lm_large,mish,5,train_loss_epoch,557,5.145532131195068
01f5cffe-ee81-4246-8c19-50d4d545c3bf,lm_large,mish,5,train_loss_epoch,1115,4.542330265045166
01f5cffe-ee81-4246-8c19-50d4d545c3bf,lm_large,mish,5,train_loss_epoch,1673,4.430243968963623
b4c1165f-144a-4232-883d-6831c199c2a4,lm_large,mish,7,val_ppl,556,85.96549224853516
b4c1165f-144a-4232-883d-6831c199c2a4,lm_large,mish,7,val_ppl,1114,71.36753845214844
b4c1165f-144a-4232-883d-6831c199c2a4,lm_large,mish,7,val_ppl,1672,68.3319320678711
b4c1165f-144a-4232-883d-6831c199c2a4,lm_large,mish,7,val_loss,556,4.434871196746826
b4c1165f-144a-4232-883d-6831c199c2a4,lm_large,mish,7,val_loss,1114,4.246323585510254
b4c1165f-144a-4232-883d-6831c199c2a4,lm_large,mish,7,val_loss,1672,4.202430725097656
b4c1165f-144a-4232-883d-6831c199c2a4,lm_large,mish,7,train_loss_epoch,557,5.1420183181762695
b4c1165f-144a-4232-883d-6831c199c2a4,lm_large,mish,7,train_loss_epoch,1115,4.53948450088501
b4c1165f-144a-4232-883d-6831c199c2a4,lm_large,mish,7,train_loss_epoch,1673,4.427520275115967
d9812dc5-f58e-49c7-9312-f32968e1f76d,lm_large,mish,1,val_ppl,556,84.75019073486328
d9812dc5-f58e-49c7-9312-f32968e1f76d,lm_large,mish,1,val_ppl,1114,69.21937561035156
d9812dc5-f58e-49c7-9312-f32968e1f76d,lm_large,mish,1,val_ppl,1672,66.17919921875
d9812dc5-f58e-49c7-9312-f32968e1f76d,lm_large,mish,1,val_loss,556,4.419999599456787
d9812dc5-f58e-49c7-9312-f32968e1f76d,lm_large,mish,1,val_loss,1114,4.215724945068359
d9812dc5-f58e-49c7-9312-f32968e1f76d,lm_large,mish,1,val_loss,1672,4.170666694641113
d9812dc5-f58e-49c7-9312-f32968e1f76d,lm_large,mish,1,train_loss_epoch,557,5.141742706298828
d9812dc5-f58e-49c7-9312-f32968e1f76d,lm_large,mish,1,train_loss_epoch,1115,4.5234375
d9812dc5-f58e-49c7-9312-f32968e1f76d,lm_large,mish,1,train_loss_epoch,1673,4.40440845489502
4e609b48-ba4d-49ef-899e-d422dc10bb0f,lm_large,silu,0,val_ppl,556,85.77379608154297
4e609b48-ba4d-49ef-899e-d422dc10bb0f,lm_large,silu,0,val_ppl,1114,71.06230163574219
4e609b48-ba4d-49ef-899e-d422dc10bb0f,lm_large,silu,0,val_ppl,1672,68.17127227783203
4e609b48-ba4d-49ef-899e-d422dc10bb0f,lm_large,silu,0,val_loss,556,4.431365013122559
4e609b48-ba4d-49ef-899e-d422dc10bb0f,lm_large,silu,0,val_loss,1114,4.241254806518555
4e609b48-ba4d-49ef-899e-d422dc10bb0f,lm_large,silu,0,val_loss,1672,4.199630737304688
4e609b48-ba4d-49ef-899e-d422dc10bb0f,lm_large,silu,0,train_loss_epoch,557,5.145157814025879
4e609b48-ba4d-49ef-899e-d422dc10bb0f,lm_large,silu,0,train_loss_epoch,1115,4.537391185760498
4e609b48-ba4d-49ef-899e-d422dc10bb0f,lm_large,silu,0,train_loss_epoch,1673,4.42427921295166
9ed8a4cf-a3f5-4479-9f37-6d35a0c446c5,lm_large,silu,1,val_ppl,556,84.1277847290039
9ed8a4cf-a3f5-4479-9f37-6d35a0c446c5,lm_large,silu,1,val_ppl,1114,68.98245239257812
9ed8a4cf-a3f5-4479-9f37-6d35a0c446c5,lm_large,silu,1,val_ppl,1672,65.97355651855469
9ed8a4cf-a3f5-4479-9f37-6d35a0c446c5,lm_large,silu,1,val_loss,556,4.411862850189209
9ed8a4cf-a3f5-4479-9f37-6d35a0c446c5,lm_large,silu,1,val_loss,1114,4.211941719055176
9ed8a4cf-a3f5-4479-9f37-6d35a0c446c5,lm_large,silu,1,val_loss,1672,4.167147159576416
9ed8a4cf-a3f5-4479-9f37-6d35a0c446c5,lm_large,silu,1,train_loss_epoch,557,5.134725570678711
9ed8a4cf-a3f5-4479-9f37-6d35a0c446c5,lm_large,silu,1,train_loss_epoch,1115,4.516293525695801
9ed8a4cf-a3f5-4479-9f37-6d35a0c446c5,lm_large,silu,1,train_loss_epoch,1673,4.398053646087647
f4410df1-3721-483d-a777-8d879f499132,lm_large,silu,4,val_ppl,556,84.32665252685547
f4410df1-3721-483d-a777-8d879f499132,lm_large,silu,4,val_ppl,1114,68.71099090576172
f4410df1-3721-483d-a777-8d879f499132,lm_large,silu,4,val_ppl,1672,65.64212799072266
f4410df1-3721-483d-a777-8d879f499132,lm_large,silu,4,val_loss,556,4.414822578430176
f4410df1-3721-483d-a777-8d879f499132,lm_large,silu,4,val_loss,1114,4.208386421203613
f4410df1-3721-483d-a777-8d879f499132,lm_large,silu,4,val_loss,1672,4.162399291992188
f4410df1-3721-483d-a777-8d879f499132,lm_large,silu,4,train_loss_epoch,557,5.135522842407227
f4410df1-3721-483d-a777-8d879f499132,lm_large,silu,4,train_loss_epoch,1115,4.517233848571777
f4410df1-3721-483d-a777-8d879f499132,lm_large,silu,4,train_loss_epoch,1673,4.3949408531188965
36ed36ed-5530-4dbd-abe9-d0e03400f509,lm_large,silu,7,val_ppl,556,85.6253662109375
36ed36ed-5530-4dbd-abe9-d0e03400f509,lm_large,silu,7,val_ppl,1114,71.042236328125
36ed36ed-5530-4dbd-abe9-d0e03400f509,lm_large,silu,7,val_ppl,1672,68.09390258789062
36ed36ed-5530-4dbd-abe9-d0e03400f509,lm_large,silu,7,val_loss,556,4.431067943572998
36ed36ed-5530-4dbd-abe9-d0e03400f509,lm_large,silu,7,val_loss,1114,4.241704940795898
36ed36ed-5530-4dbd-abe9-d0e03400f509,lm_large,silu,7,val_loss,1672,4.198685169219971
36ed36ed-5530-4dbd-abe9-d0e03400f509,lm_large,silu,7,train_loss_epoch,557,5.139817237854004
36ed36ed-5530-4dbd-abe9-d0e03400f509,lm_large,silu,7,train_loss_epoch,1115,4.534900188446045
36ed36ed-5530-4dbd-abe9-d0e03400f509,lm_large,silu,7,train_loss_epoch,1673,4.423536777496338
20e53180-52f4-40b1-bbbd-5c32a43453ab,lm_large,silu,5,val_ppl,556,85.58659362792969
20e53180-52f4-40b1-bbbd-5c32a43453ab,lm_large,silu,5,val_ppl,1114,70.67071533203125
20e53180-52f4-40b1-bbbd-5c32a43453ab,lm_large,silu,5,val_ppl,1672,67.4378433227539
20e53180-52f4-40b1-bbbd-5c32a43453ab,lm_large,silu,5,val_loss,556,4.429764747619629
20e53180-52f4-40b1-bbbd-5c32a43453ab,lm_large,silu,5,val_loss,1114,4.236787796020508
20e53180-52f4-40b1-bbbd-5c32a43453ab,lm_large,silu,5,val_loss,1672,4.189236164093018
20e53180-52f4-40b1-bbbd-5c32a43453ab,lm_large,silu,5,train_loss_epoch,557,5.140457630157471
20e53180-52f4-40b1-bbbd-5c32a43453ab,lm_large,silu,5,train_loss_epoch,1115,4.5316596031188965
20e53180-52f4-40b1-bbbd-5c32a43453ab,lm_large,silu,5,train_loss_epoch,1673,4.417111396789551
b915809e-8352-4809-9bfc-d4a98ceca415,lm_large,silu,2,val_ppl,556,84.66397857666016
b915809e-8352-4809-9bfc-d4a98ceca415,lm_large,silu,2,val_ppl,1114,69.43944549560547
b915809e-8352-4809-9bfc-d4a98ceca415,lm_large,silu,2,val_ppl,1672,66.30573272705078
b915809e-8352-4809-9bfc-d4a98ceca415,lm_large,silu,2,val_loss,556,4.417827129364014
b915809e-8352-4809-9bfc-d4a98ceca415,lm_large,silu,2,val_loss,1114,4.218548774719238
b915809e-8352-4809-9bfc-d4a98ceca415,lm_large,silu,2,val_loss,1672,4.171857833862305
b915809e-8352-4809-9bfc-d4a98ceca415,lm_large,silu,2,train_loss_epoch,557,5.138132095336914
b915809e-8352-4809-9bfc-d4a98ceca415,lm_large,silu,2,train_loss_epoch,1115,4.51987361907959
b915809e-8352-4809-9bfc-d4a98ceca415,lm_large,silu,2,train_loss_epoch,1673,4.4011406898498535
60bda151-40e6-480c-8026-5bfa2fba5548,lm_large,silu,3,val_ppl,556,85.2696762084961
60bda151-40e6-480c-8026-5bfa2fba5548,lm_large,silu,3,val_ppl,1114,68.70207977294922
60bda151-40e6-480c-8026-5bfa2fba5548,lm_large,silu,3,val_ppl,1672,65.94383239746094
60bda151-40e6-480c-8026-5bfa2fba5548,lm_large,silu,3,val_loss,556,4.425980567932129
60bda151-40e6-480c-8026-5bfa2fba5548,lm_large,silu,3,val_loss,1114,4.207969665527344
60bda151-40e6-480c-8026-5bfa2fba5548,lm_large,silu,3,val_loss,1672,4.166805744171143
60bda151-40e6-480c-8026-5bfa2fba5548,lm_large,silu,3,train_loss_epoch,557,5.141402244567871
60bda151-40e6-480c-8026-5bfa2fba5548,lm_large,silu,3,train_loss_epoch,1115,4.520663738250732
60bda151-40e6-480c-8026-5bfa2fba5548,lm_large,silu,3,train_loss_epoch,1673,4.398875236511231
86e7992e-615c-4e5c-bd3b-047ec40a01da,lm_large,silu,6,val_ppl,556,83.97004699707031
86e7992e-615c-4e5c-bd3b-047ec40a01da,lm_large,silu,6,val_ppl,1114,70.06964111328125
86e7992e-615c-4e5c-bd3b-047ec40a01da,lm_large,silu,6,val_ppl,1672,67.09418487548828
86e7992e-615c-4e5c-bd3b-047ec40a01da,lm_large,silu,6,val_loss,556,4.4102044105529785
86e7992e-615c-4e5c-bd3b-047ec40a01da,lm_large,silu,6,val_loss,1114,4.228057861328125
86e7992e-615c-4e5c-bd3b-047ec40a01da,lm_large,silu,6,val_loss,1672,4.184195041656494
86e7992e-615c-4e5c-bd3b-047ec40a01da,lm_large,silu,6,train_loss_epoch,557,5.1369948387146
86e7992e-615c-4e5c-bd3b-047ec40a01da,lm_large,silu,6,train_loss_epoch,1115,4.522312164306641
86e7992e-615c-4e5c-bd3b-047ec40a01da,lm_large,silu,6,train_loss_epoch,1673,4.410733222961426
de19a7eb-0e38-4eb7-ae38-f387cda699fa,lm_large,tanh,7,val_ppl,556,97.90630340576172
de19a7eb-0e38-4eb7-ae38-f387cda699fa,lm_large,tanh,7,val_ppl,1114,80.47209167480469
de19a7eb-0e38-4eb7-ae38-f387cda699fa,lm_large,tanh,7,val_ppl,1672,77.0123062133789
de19a7eb-0e38-4eb7-ae38-f387cda699fa,lm_large,tanh,7,val_loss,556,4.566320896148682
de19a7eb-0e38-4eb7-ae38-f387cda699fa,lm_large,tanh,7,val_loss,1114,4.368281364440918
de19a7eb-0e38-4eb7-ae38-f387cda699fa,lm_large,tanh,7,val_loss,1672,4.323863506317139
de19a7eb-0e38-4eb7-ae38-f387cda699fa,lm_large,tanh,7,train_loss_epoch,557,5.259246826171875
de19a7eb-0e38-4eb7-ae38-f387cda699fa,lm_large,tanh,7,train_loss_epoch,1115,4.674694061279297
de19a7eb-0e38-4eb7-ae38-f387cda699fa,lm_large,tanh,7,train_loss_epoch,1673,4.563125133514404
f84c532f-f799-4860-add2-2f5fcf592ed8,lm_large,tanh,1,val_ppl,556,98.30416870117188
f84c532f-f799-4860-add2-2f5fcf592ed8,lm_large,tanh,1,val_ppl,1114,80.74282836914062
f84c532f-f799-4860-add2-2f5fcf592ed8,lm_large,tanh,1,val_ppl,1672,77.39281463623047
f84c532f-f799-4860-add2-2f5fcf592ed8,lm_large,tanh,1,val_loss,556,4.569666385650635
f84c532f-f799-4860-add2-2f5fcf592ed8,lm_large,tanh,1,val_loss,1114,4.371213912963867
f84c532f-f799-4860-add2-2f5fcf592ed8,lm_large,tanh,1,val_loss,1672,4.328612327575684
f84c532f-f799-4860-add2-2f5fcf592ed8,lm_large,tanh,1,train_loss_epoch,557,5.260558128356934
f84c532f-f799-4860-add2-2f5fcf592ed8,lm_large,tanh,1,train_loss_epoch,1115,4.674850463867188
f84c532f-f799-4860-add2-2f5fcf592ed8,lm_large,tanh,1,train_loss_epoch,1673,4.564541339874268
c875f1ba-0426-402b-b881-7a1e35b2126c,lm_large,tanh,0,val_ppl,556,98.0277099609375
c875f1ba-0426-402b-b881-7a1e35b2126c,lm_large,tanh,0,val_ppl,1114,80.79703521728516
c875f1ba-0426-402b-b881-7a1e35b2126c,lm_large,tanh,0,val_ppl,1672,77.59058380126953
c875f1ba-0426-402b-b881-7a1e35b2126c,lm_large,tanh,0,val_loss,556,4.566826820373535
c875f1ba-0426-402b-b881-7a1e35b2126c,lm_large,tanh,0,val_loss,1114,4.371950626373291
c875f1ba-0426-402b-b881-7a1e35b2126c,lm_large,tanh,0,val_loss,1672,4.331220626831055
c875f1ba-0426-402b-b881-7a1e35b2126c,lm_large,tanh,0,train_loss_epoch,557,5.263538360595703
c875f1ba-0426-402b-b881-7a1e35b2126c,lm_large,tanh,0,train_loss_epoch,1115,4.675942897796631
c875f1ba-0426-402b-b881-7a1e35b2126c,lm_large,tanh,0,train_loss_epoch,1673,4.567941665649414
7a144a47-8202-4947-851c-ad3063137d44,lm_large,tanh,4,val_ppl,556,98.08718872070312
7a144a47-8202-4947-851c-ad3063137d44,lm_large,tanh,4,val_ppl,1114,80.89078521728516
7a144a47-8202-4947-851c-ad3063137d44,lm_large,tanh,4,val_ppl,1672,77.45784759521484
7a144a47-8202-4947-851c-ad3063137d44,lm_large,tanh,4,val_loss,556,4.568122386932373
7a144a47-8202-4947-851c-ad3063137d44,lm_large,tanh,4,val_loss,1114,4.373216152191162
7a144a47-8202-4947-851c-ad3063137d44,lm_large,tanh,4,val_loss,1672,4.329494953155518
7a144a47-8202-4947-851c-ad3063137d44,lm_large,tanh,4,train_loss_epoch,557,5.262299060821533
7a144a47-8202-4947-851c-ad3063137d44,lm_large,tanh,4,train_loss_epoch,1115,4.680239677429199
7a144a47-8202-4947-851c-ad3063137d44,lm_large,tanh,4,train_loss_epoch,1673,4.56903076171875
fd34e625-e91c-40c6-8f3d-6037bbde353d,lm_large,tanh,6,val_ppl,556,97.43851470947266
fd34e625-e91c-40c6-8f3d-6037bbde353d,lm_large,tanh,6,val_ppl,1114,80.26444244384766
fd34e625-e91c-40c6-8f3d-6037bbde353d,lm_large,tanh,6,val_ppl,1672,76.57246398925781
fd34e625-e91c-40c6-8f3d-6037bbde353d,lm_large,tanh,6,val_loss,556,4.560330867767334
fd34e625-e91c-40c6-8f3d-6037bbde353d,lm_large,tanh,6,val_loss,1114,4.365158557891846
fd34e625-e91c-40c6-8f3d-6037bbde353d,lm_large,tanh,6,val_loss,1672,4.317731857299805
fd34e625-e91c-40c6-8f3d-6037bbde353d,lm_large,tanh,6,train_loss_epoch,557,5.263548374176025
fd34e625-e91c-40c6-8f3d-6037bbde353d,lm_large,tanh,6,train_loss_epoch,1115,4.673238277435303
fd34e625-e91c-40c6-8f3d-6037bbde353d,lm_large,tanh,6,train_loss_epoch,1673,4.559985637664795
ec6d00b2-6133-4c72-adf5-c40fee01ef4f,lm_large,tanh,5,val_ppl,556,97.8915023803711
ec6d00b2-6133-4c72-adf5-c40fee01ef4f,lm_large,tanh,5,val_ppl,1114,80.60462951660156
ec6d00b2-6133-4c72-adf5-c40fee01ef4f,lm_large,tanh,5,val_ppl,1672,77.19227600097656
ec6d00b2-6133-4c72-adf5-c40fee01ef4f,lm_large,tanh,5,val_loss,556,4.565365314483643
ec6d00b2-6133-4c72-adf5-c40fee01ef4f,lm_large,tanh,5,val_loss,1114,4.3693037033081055
ec6d00b2-6133-4c72-adf5-c40fee01ef4f,lm_large,tanh,5,val_loss,1672,4.325438499450684
ec6d00b2-6133-4c72-adf5-c40fee01ef4f,lm_large,tanh,5,train_loss_epoch,557,5.258317947387695
ec6d00b2-6133-4c72-adf5-c40fee01ef4f,lm_large,tanh,5,train_loss_epoch,1115,4.66905689239502
ec6d00b2-6133-4c72-adf5-c40fee01ef4f,lm_large,tanh,5,train_loss_epoch,1673,4.562333583831787
d184d178-9bc9-4b03-8fa7-473a5e848d25,lm_large,tanh,2,val_ppl,556,97.34003448486328
d184d178-9bc9-4b03-8fa7-473a5e848d25,lm_large,tanh,2,val_ppl,1114,80.2323226928711
d184d178-9bc9-4b03-8fa7-473a5e848d25,lm_large,tanh,2,val_ppl,1672,76.82852935791016
d184d178-9bc9-4b03-8fa7-473a5e848d25,lm_large,tanh,2,val_loss,556,4.5588788986206055
d184d178-9bc9-4b03-8fa7-473a5e848d25,lm_large,tanh,2,val_loss,1114,4.365127086639404
d184d178-9bc9-4b03-8fa7-473a5e848d25,lm_large,tanh,2,val_loss,1672,4.321126461029053
d184d178-9bc9-4b03-8fa7-473a5e848d25,lm_large,tanh,2,train_loss_epoch,557,5.258066654205322
d184d178-9bc9-4b03-8fa7-473a5e848d25,lm_large,tanh,2,train_loss_epoch,1115,4.669115543365479
d184d178-9bc9-4b03-8fa7-473a5e848d25,lm_large,tanh,2,train_loss_epoch,1673,4.557446002960205
e5d4efd8-be48-4028-9941-bf57f6e57b78,lm_large,tanh,3,val_ppl,556,97.90614318847656
e5d4efd8-be48-4028-9941-bf57f6e57b78,lm_large,tanh,3,val_ppl,1114,79.72921752929688
e5d4efd8-be48-4028-9941-bf57f6e57b78,lm_large,tanh,3,val_ppl,1672,76.56957244873047
e5d4efd8-be48-4028-9941-bf57f6e57b78,lm_large,tanh,3,val_loss,556,4.566159725189209
e5d4efd8-be48-4028-9941-bf57f6e57b78,lm_large,tanh,3,val_loss,1114,4.358675956726074
e5d4efd8-be48-4028-9941-bf57f6e57b78,lm_large,tanh,3,val_loss,1672,4.317800998687744
e5d4efd8-be48-4028-9941-bf57f6e57b78,lm_large,tanh,3,train_loss_epoch,557,5.260486125946045
e5d4efd8-be48-4028-9941-bf57f6e57b78,lm_large,tanh,3,train_loss_epoch,1115,4.669945240020752
e5d4efd8-be48-4028-9941-bf57f6e57b78,lm_large,tanh,3,train_loss_epoch,1673,4.557950496673584
25edebe9-4550-4338-bb9d-911d8835632d,lm_large,swiglu,1,val_ppl,556,80.13784790039062
25edebe9-4550-4338-bb9d-911d8835632d,lm_large,swiglu,1,val_ppl,1114,65.35862731933594
25edebe9-4550-4338-bb9d-911d8835632d,lm_large,swiglu,1,val_ppl,1672,62.5672721862793
25edebe9-4550-4338-bb9d-911d8835632d,lm_large,swiglu,1,val_loss,556,4.363070011138916
25edebe9-4550-4338-bb9d-911d8835632d,lm_large,swiglu,1,val_loss,1114,4.156599044799805
25edebe9-4550-4338-bb9d-911d8835632d,lm_large,swiglu,1,val_loss,1672,4.112479209899902
25edebe9-4550-4338-bb9d-911d8835632d,lm_large,swiglu,1,train_loss_epoch,557,5.07043981552124
25edebe9-4550-4338-bb9d-911d8835632d,lm_large,swiglu,1,train_loss_epoch,1115,4.440164089202881
25edebe9-4550-4338-bb9d-911d8835632d,lm_large,swiglu,1,train_loss_epoch,1673,4.315836429595947
b83b07a5-7197-41b4-9f33-4b6037d2ac99,lm_large,swiglu,7,val_ppl,556,81.32359313964844
b83b07a5-7197-41b4-9f33-4b6037d2ac99,lm_large,swiglu,7,val_ppl,1114,67.31336212158203
b83b07a5-7197-41b4-9f33-4b6037d2ac99,lm_large,swiglu,7,val_ppl,1672,64.29640197753906
b83b07a5-7197-41b4-9f33-4b6037d2ac99,lm_large,swiglu,7,val_loss,556,4.377470016479492
b83b07a5-7197-41b4-9f33-4b6037d2ac99,lm_large,swiglu,7,val_loss,1114,4.186256408691406
b83b07a5-7197-41b4-9f33-4b6037d2ac99,lm_large,swiglu,7,val_loss,1672,4.139713764190674
b83b07a5-7197-41b4-9f33-4b6037d2ac99,lm_large,swiglu,7,train_loss_epoch,557,5.0724945068359375
b83b07a5-7197-41b4-9f33-4b6037d2ac99,lm_large,swiglu,7,train_loss_epoch,1115,4.457964897155762
b83b07a5-7197-41b4-9f33-4b6037d2ac99,lm_large,swiglu,7,train_loss_epoch,1673,4.339911460876465
9f28eff7-c1a8-4bde-b968-a70db4a122dc,lm_large,swiglu,3,val_ppl,556,80.32769012451172
9f28eff7-c1a8-4bde-b968-a70db4a122dc,lm_large,swiglu,3,val_ppl,1114,66.72611999511719
9f28eff7-c1a8-4bde-b968-a70db4a122dc,lm_large,swiglu,3,val_ppl,1672,63.94184112548828
9f28eff7-c1a8-4bde-b968-a70db4a122dc,lm_large,swiglu,3,val_loss,556,4.364131927490234
9f28eff7-c1a8-4bde-b968-a70db4a122dc,lm_large,swiglu,3,val_loss,1114,4.177445888519287
9f28eff7-c1a8-4bde-b968-a70db4a122dc,lm_large,swiglu,3,val_loss,1672,4.134056568145752
9f28eff7-c1a8-4bde-b968-a70db4a122dc,lm_large,swiglu,3,train_loss_epoch,557,5.071716785430908
9f28eff7-c1a8-4bde-b968-a70db4a122dc,lm_large,swiglu,3,train_loss_epoch,1115,4.451364040374756
9f28eff7-c1a8-4bde-b968-a70db4a122dc,lm_large,swiglu,3,train_loss_epoch,1673,4.333594799041748
d1c9876a-179a-4970-b0df-834584b1b3c8,lm_large,swiglu,5,val_ppl,556,80.64775085449219
d1c9876a-179a-4970-b0df-834584b1b3c8,lm_large,swiglu,5,val_ppl,1114,66.30094146728516
d1c9876a-179a-4970-b0df-834584b1b3c8,lm_large,swiglu,5,val_ppl,1672,63.43498229980469
d1c9876a-179a-4970-b0df-834584b1b3c8,lm_large,swiglu,5,val_loss,556,4.367384910583496
d1c9876a-179a-4970-b0df-834584b1b3c8,lm_large,swiglu,5,val_loss,1114,4.170904636383057
d1c9876a-179a-4970-b0df-834584b1b3c8,lm_large,swiglu,5,val_loss,1672,4.125868320465088
d1c9876a-179a-4970-b0df-834584b1b3c8,lm_large,swiglu,5,train_loss_epoch,557,5.0697760581970215
d1c9876a-179a-4970-b0df-834584b1b3c8,lm_large,swiglu,5,train_loss_epoch,1115,4.451175689697266
d1c9876a-179a-4970-b0df-834584b1b3c8,lm_large,swiglu,5,train_loss_epoch,1673,4.331151485443115
2d087e47-4fe0-433a-ad8d-79e0f74ffea5,lm_large,swiglu,0,val_ppl,556,80.92900848388672
2d087e47-4fe0-433a-ad8d-79e0f74ffea5,lm_large,swiglu,0,val_ppl,1114,66.7385025024414
2d087e47-4fe0-433a-ad8d-79e0f74ffea5,lm_large,swiglu,0,val_ppl,1672,63.58445358276367
2d087e47-4fe0-433a-ad8d-79e0f74ffea5,lm_large,swiglu,0,val_loss,556,4.372872829437256
2d087e47-4fe0-433a-ad8d-79e0f74ffea5,lm_large,swiglu,0,val_loss,1114,4.177863121032715
2d087e47-4fe0-433a-ad8d-79e0f74ffea5,lm_large,swiglu,0,val_loss,1672,4.129014492034912
2d087e47-4fe0-433a-ad8d-79e0f74ffea5,lm_large,swiglu,0,train_loss_epoch,557,5.07063627243042
2d087e47-4fe0-433a-ad8d-79e0f74ffea5,lm_large,swiglu,0,train_loss_epoch,1115,4.453917026519775
2d087e47-4fe0-433a-ad8d-79e0f74ffea5,lm_large,swiglu,0,train_loss_epoch,1673,4.332808494567871
a192f08b-035a-42f7-a1b0-e947c4647bfd,lm_large,swiglu,6,val_ppl,556,80.29075622558594
a192f08b-035a-42f7-a1b0-e947c4647bfd,lm_large,swiglu,6,val_ppl,1114,65.53374481201172
a192f08b-035a-42f7-a1b0-e947c4647bfd,lm_large,swiglu,6,val_ppl,1672,62.650909423828125
a192f08b-035a-42f7-a1b0-e947c4647bfd,lm_large,swiglu,6,val_loss,556,4.364104270935059
a192f08b-035a-42f7-a1b0-e947c4647bfd,lm_large,swiglu,6,val_loss,1114,4.160016059875488
a192f08b-035a-42f7-a1b0-e947c4647bfd,lm_large,swiglu,6,val_loss,1672,4.114699840545654
a192f08b-035a-42f7-a1b0-e947c4647bfd,lm_large,swiglu,6,train_loss_epoch,557,5.071060180664063
a192f08b-035a-42f7-a1b0-e947c4647bfd,lm_large,swiglu,6,train_loss_epoch,1115,4.446189880371094
a192f08b-035a-42f7-a1b0-e947c4647bfd,lm_large,swiglu,6,train_loss_epoch,1673,4.321091175079346
871fbdde-1e20-4098-b3f8-2a079133313a,lm_large,swiglu,4,val_ppl,556,80.7844009399414
871fbdde-1e20-4098-b3f8-2a079133313a,lm_large,swiglu,4,val_ppl,1114,65.45447540283203
871fbdde-1e20-4098-b3f8-2a079133313a,lm_large,swiglu,4,val_ppl,1672,62.654075622558594
871fbdde-1e20-4098-b3f8-2a079133313a,lm_large,swiglu,4,val_loss,556,4.371026039123535
871fbdde-1e20-4098-b3f8-2a079133313a,lm_large,swiglu,4,val_loss,1114,4.1589179039001465
871fbdde-1e20-4098-b3f8-2a079133313a,lm_large,swiglu,4,val_loss,1672,4.114487171173096
871fbdde-1e20-4098-b3f8-2a079133313a,lm_large,swiglu,4,train_loss_epoch,557,5.071523666381836
871fbdde-1e20-4098-b3f8-2a079133313a,lm_large,swiglu,4,train_loss_epoch,1115,4.441181182861328
871fbdde-1e20-4098-b3f8-2a079133313a,lm_large,swiglu,4,train_loss_epoch,1673,4.31707763671875
2a9d2d01-b5d5-4b76-bf62-009dba027b65,lm_large,swiglu,2,val_ppl,556,79.7152328491211
2a9d2d01-b5d5-4b76-bf62-009dba027b65,lm_large,swiglu,2,val_ppl,1114,66.09770965576172
2a9d2d01-b5d5-4b76-bf62-009dba027b65,lm_large,swiglu,2,val_ppl,1672,63.07448959350586
2a9d2d01-b5d5-4b76-bf62-009dba027b65,lm_large,swiglu,2,val_loss,556,4.357388019561768
2a9d2d01-b5d5-4b76-bf62-009dba027b65,lm_large,swiglu,2,val_loss,1114,4.16848611831665
2a9d2d01-b5d5-4b76-bf62-009dba027b65,lm_large,swiglu,2,val_loss,1672,4.1209211349487305
2a9d2d01-b5d5-4b76-bf62-009dba027b65,lm_large,swiglu,2,train_loss_epoch,557,5.067192554473877
2a9d2d01-b5d5-4b76-bf62-009dba027b65,lm_large,swiglu,2,train_loss_epoch,1115,4.445370197296143
2a9d2d01-b5d5-4b76-bf62-009dba027b65,lm_large,swiglu,2,train_loss_epoch,1673,4.324407577514648
87bd70fb-0313-4bf8-8c38-0019e2fbf233,lm_large,gelu,5,val_ppl,556,82.54871368408203
87bd70fb-0313-4bf8-8c38-0019e2fbf233,lm_large,gelu,5,val_ppl,1114,68.45816802978516
87bd70fb-0313-4bf8-8c38-0019e2fbf233,lm_large,gelu,5,val_ppl,1672,65.42567443847656
87bd70fb-0313-4bf8-8c38-0019e2fbf233,lm_large,gelu,5,val_loss,556,4.393413543701172
87bd70fb-0313-4bf8-8c38-0019e2fbf233,lm_large,gelu,5,val_loss,1114,4.204319000244141
87bd70fb-0313-4bf8-8c38-0019e2fbf233,lm_large,gelu,5,val_loss,1672,4.158244609832764
87bd70fb-0313-4bf8-8c38-0019e2fbf233,lm_large,gelu,5,train_loss_epoch,557,5.10502815246582
87bd70fb-0313-4bf8-8c38-0019e2fbf233,lm_large,gelu,5,train_loss_epoch,1115,4.4931182861328125
87bd70fb-0313-4bf8-8c38-0019e2fbf233,lm_large,gelu,5,train_loss_epoch,1673,4.378429889678955
416bf720-e494-4df9-947a-a8b19c9fcaab,lm_large,gelu,3,val_ppl,556,82.30956268310547
416bf720-e494-4df9-947a-a8b19c9fcaab,lm_large,gelu,3,val_ppl,1114,66.49687194824219
416bf720-e494-4df9-947a-a8b19c9fcaab,lm_large,gelu,3,val_ppl,1672,64.03208923339844
416bf720-e494-4df9-947a-a8b19c9fcaab,lm_large,gelu,3,val_loss,556,4.390248775482178
416bf720-e494-4df9-947a-a8b19c9fcaab,lm_large,gelu,3,val_loss,1114,4.174650192260742
416bf720-e494-4df9-947a-a8b19c9fcaab,lm_large,gelu,3,val_loss,1672,4.136449337005615
416bf720-e494-4df9-947a-a8b19c9fcaab,lm_large,gelu,3,train_loss_epoch,557,5.1066508293151855
416bf720-e494-4df9-947a-a8b19c9fcaab,lm_large,gelu,3,train_loss_epoch,1115,4.481600761413574
416bf720-e494-4df9-947a-a8b19c9fcaab,lm_large,gelu,3,train_loss_epoch,1673,4.362002372741699
e7b52691-a141-461a-8711-f83d17cbc833,lm_large,gelu,7,val_ppl,556,82.1795883178711
e7b52691-a141-461a-8711-f83d17cbc833,lm_large,gelu,7,val_ppl,1114,68.69339752197266
e7b52691-a141-461a-8711-f83d17cbc833,lm_large,gelu,7,val_ppl,1672,65.84612274169922
e7b52691-a141-461a-8711-f83d17cbc833,lm_large,gelu,7,val_loss,556,4.389320373535156
e7b52691-a141-461a-8711-f83d17cbc833,lm_large,gelu,7,val_loss,1114,4.207339763641357
e7b52691-a141-461a-8711-f83d17cbc833,lm_large,gelu,7,val_loss,1672,4.164605617523193
e7b52691-a141-461a-8711-f83d17cbc833,lm_large,gelu,7,train_loss_epoch,557,5.103567600250244
e7b52691-a141-461a-8711-f83d17cbc833,lm_large,gelu,7,train_loss_epoch,1115,4.493793964385986
e7b52691-a141-461a-8711-f83d17cbc833,lm_large,gelu,7,train_loss_epoch,1673,4.383365154266357
94cc49a5-75bf-4e86-8674-dd368e8782a9,lm_large,gelu,4,val_ppl,556,81.5334701538086
94cc49a5-75bf-4e86-8674-dd368e8782a9,lm_large,gelu,4,val_ppl,1114,66.88261413574219
94cc49a5-75bf-4e86-8674-dd368e8782a9,lm_large,gelu,4,val_ppl,1672,64.05438995361328
94cc49a5-75bf-4e86-8674-dd368e8782a9,lm_large,gelu,4,val_loss,556,4.380993843078613
94cc49a5-75bf-4e86-8674-dd368e8782a9,lm_large,gelu,4,val_loss,1114,4.180917263031006
94cc49a5-75bf-4e86-8674-dd368e8782a9,lm_large,gelu,4,val_loss,1672,4.13734769821167
94cc49a5-75bf-4e86-8674-dd368e8782a9,lm_large,gelu,4,train_loss_epoch,557,5.102920055389404
94cc49a5-75bf-4e86-8674-dd368e8782a9,lm_large,gelu,4,train_loss_epoch,1115,4.481217384338379
94cc49a5-75bf-4e86-8674-dd368e8782a9,lm_large,gelu,4,train_loss_epoch,1673,4.363897800445557
80a6da6a-0592-4411-b26a-11dc224292b1,lm_large,gelu,0,val_ppl,556,82.64151000976562
80a6da6a-0592-4411-b26a-11dc224292b1,lm_large,gelu,0,val_ppl,1114,68.296630859375
80a6da6a-0592-4411-b26a-11dc224292b1,lm_large,gelu,0,val_ppl,1672,65.38306427001953
80a6da6a-0592-4411-b26a-11dc224292b1,lm_large,gelu,0,val_loss,556,4.39409875869751
80a6da6a-0592-4411-b26a-11dc224292b1,lm_large,gelu,0,val_loss,1114,4.201470851898193
80a6da6a-0592-4411-b26a-11dc224292b1,lm_large,gelu,0,val_loss,1672,4.157815933227539
80a6da6a-0592-4411-b26a-11dc224292b1,lm_large,gelu,0,train_loss_epoch,557,5.1103057861328125
80a6da6a-0592-4411-b26a-11dc224292b1,lm_large,gelu,0,train_loss_epoch,1115,4.496808052062988
80a6da6a-0592-4411-b26a-11dc224292b1,lm_large,gelu,0,train_loss_epoch,1673,4.381178855895996
8ce7a766-7ff9-437e-8004-d896186e3a7f,lm_large,gelu,2,val_ppl,556,81.42953491210938
8ce7a766-7ff9-437e-8004-d896186e3a7f,lm_large,gelu,2,val_ppl,1114,67.14237213134766
8ce7a766-7ff9-437e-8004-d896186e3a7f,lm_large,gelu,2,val_ppl,1672,64.17716979980469
8ce7a766-7ff9-437e-8004-d896186e3a7f,lm_large,gelu,2,val_loss,556,4.378505229949951
8ce7a766-7ff9-437e-8004-d896186e3a7f,lm_large,gelu,2,val_loss,1114,4.184916973114014
8ce7a766-7ff9-437e-8004-d896186e3a7f,lm_large,gelu,2,val_loss,1672,4.139283180236816
8ce7a766-7ff9-437e-8004-d896186e3a7f,lm_large,gelu,2,train_loss_epoch,557,5.102111339569092
8ce7a766-7ff9-437e-8004-d896186e3a7f,lm_large,gelu,2,train_loss_epoch,1115,4.481874942779541
8ce7a766-7ff9-437e-8004-d896186e3a7f,lm_large,gelu,2,train_loss_epoch,1673,4.363947868347168
0c1851e3-fce1-4d76-8eff-a277a58fb53d,lm_large,gelu,6,val_ppl,556,81.54093170166016
0c1851e3-fce1-4d76-8eff-a277a58fb53d,lm_large,gelu,6,val_ppl,1114,67.88493347167969
0c1851e3-fce1-4d76-8eff-a277a58fb53d,lm_large,gelu,6,val_ppl,1672,64.84904479980469
0c1851e3-fce1-4d76-8eff-a277a58fb53d,lm_large,gelu,6,val_loss,556,4.380101680755615
0c1851e3-fce1-4d76-8eff-a277a58fb53d,lm_large,gelu,6,val_loss,1114,4.1955976486206055
0c1851e3-fce1-4d76-8eff-a277a58fb53d,lm_large,gelu,6,val_loss,1672,4.149423122406006
0c1851e3-fce1-4d76-8eff-a277a58fb53d,lm_large,gelu,6,train_loss_epoch,557,5.102203369140625
0c1851e3-fce1-4d76-8eff-a277a58fb53d,lm_large,gelu,6,train_loss_epoch,1115,4.485671043395996
0c1851e3-fce1-4d76-8eff-a277a58fb53d,lm_large,gelu,6,train_loss_epoch,1673,4.370526313781738
28a7e50e-6d77-4044-9109-605c4782a2e9,lm_large,gelu,1,val_ppl,556,82.12549591064453
28a7e50e-6d77-4044-9109-605c4782a2e9,lm_large,gelu,1,val_ppl,1114,67.64259338378906
28a7e50e-6d77-4044-9109-605c4782a2e9,lm_large,gelu,1,val_ppl,1672,64.83848571777344
28a7e50e-6d77-4044-9109-605c4782a2e9,lm_large,gelu,1,val_loss,556,4.38744592666626
28a7e50e-6d77-4044-9109-605c4782a2e9,lm_large,gelu,1,val_loss,1114,4.191661834716797
28a7e50e-6d77-4044-9109-605c4782a2e9,lm_large,gelu,1,val_loss,1672,4.149356365203857
28a7e50e-6d77-4044-9109-605c4782a2e9,lm_large,gelu,1,train_loss_epoch,557,5.102306842803955
28a7e50e-6d77-4044-9109-605c4782a2e9,lm_large,gelu,1,train_loss_epoch,1115,4.485473155975342
28a7e50e-6d77-4044-9109-605c4782a2e9,lm_large,gelu,1,train_loss_epoch,1673,4.370319843292236
2c35fd2a-0cf4-4391-ae5f-86f388244632,lm_large,scaled_tanh,6,val_ppl,556,103.6749267578125
2c35fd2a-0cf4-4391-ae5f-86f388244632,lm_large,scaled_tanh,6,val_ppl,1114,84.58973693847656
2c35fd2a-0cf4-4391-ae5f-86f388244632,lm_large,scaled_tanh,6,val_ppl,1672,80.82105255126953
2c35fd2a-0cf4-4391-ae5f-86f388244632,lm_large,scaled_tanh,6,val_loss,556,4.622397422790527
2c35fd2a-0cf4-4391-ae5f-86f388244632,lm_large,scaled_tanh,6,val_loss,1114,4.418121337890625
2c35fd2a-0cf4-4391-ae5f-86f388244632,lm_large,scaled_tanh,6,val_loss,1672,4.372249603271484
2c35fd2a-0cf4-4391-ae5f-86f388244632,lm_large,scaled_tanh,6,train_loss_epoch,557,5.323120594024658
2c35fd2a-0cf4-4391-ae5f-86f388244632,lm_large,scaled_tanh,6,train_loss_epoch,1115,4.729969501495361
2c35fd2a-0cf4-4391-ae5f-86f388244632,lm_large,scaled_tanh,6,train_loss_epoch,1673,4.615824222564697
96fc5f66-b281-4abe-8988-d8a7d194272e,lm_large,scaled_tanh,7,val_ppl,556,103.94393920898438
96fc5f66-b281-4abe-8988-d8a7d194272e,lm_large,scaled_tanh,7,val_ppl,1114,84.99836730957031
96fc5f66-b281-4abe-8988-d8a7d194272e,lm_large,scaled_tanh,7,val_ppl,1672,81.39142608642578
96fc5f66-b281-4abe-8988-d8a7d194272e,lm_large,scaled_tanh,7,val_loss,556,4.62654972076416
96fc5f66-b281-4abe-8988-d8a7d194272e,lm_large,scaled_tanh,7,val_loss,1114,4.423075199127197
96fc5f66-b281-4abe-8988-d8a7d194272e,lm_large,scaled_tanh,7,val_loss,1672,4.379149913787842
96fc5f66-b281-4abe-8988-d8a7d194272e,lm_large,scaled_tanh,7,train_loss_epoch,557,5.321151256561279
96fc5f66-b281-4abe-8988-d8a7d194272e,lm_large,scaled_tanh,7,train_loss_epoch,1115,4.735273838043213
96fc5f66-b281-4abe-8988-d8a7d194272e,lm_large,scaled_tanh,7,train_loss_epoch,1673,4.62398099899292
ec6fd8b8-4c70-43a4-b249-cc803dce7230,lm_large,scaled_tanh,4,val_ppl,556,104.35179901123048
ec6fd8b8-4c70-43a4-b249-cc803dce7230,lm_large,scaled_tanh,4,val_ppl,1114,84.91544342041016
ec6fd8b8-4c70-43a4-b249-cc803dce7230,lm_large,scaled_tanh,4,val_ppl,1672,80.89051055908203
ec6fd8b8-4c70-43a4-b249-cc803dce7230,lm_large,scaled_tanh,4,val_loss,556,4.630610942840576
ec6fd8b8-4c70-43a4-b249-cc803dce7230,lm_large,scaled_tanh,4,val_loss,1114,4.4220805168151855
ec6fd8b8-4c70-43a4-b249-cc803dce7230,lm_large,scaled_tanh,4,val_loss,1672,4.372937679290772
ec6fd8b8-4c70-43a4-b249-cc803dce7230,lm_large,scaled_tanh,4,train_loss_epoch,557,5.328344821929932
ec6fd8b8-4c70-43a4-b249-cc803dce7230,lm_large,scaled_tanh,4,train_loss_epoch,1115,4.738299369812012
ec6fd8b8-4c70-43a4-b249-cc803dce7230,lm_large,scaled_tanh,4,train_loss_epoch,1673,4.622518062591553
6bde4ff3-df51-4ea9-a206-e5b24624dd1d,lm_large,scaled_tanh,2,val_ppl,556,103.74656677246094
6bde4ff3-df51-4ea9-a206-e5b24624dd1d,lm_large,scaled_tanh,2,val_ppl,1114,84.71383666992188
6bde4ff3-df51-4ea9-a206-e5b24624dd1d,lm_large,scaled_tanh,2,val_ppl,1672,80.98767852783203
6bde4ff3-df51-4ea9-a206-e5b24624dd1d,lm_large,scaled_tanh,2,val_loss,556,4.623280048370361
6bde4ff3-df51-4ea9-a206-e5b24624dd1d,lm_large,scaled_tanh,2,val_loss,1114,4.419691562652588
6bde4ff3-df51-4ea9-a206-e5b24624dd1d,lm_large,scaled_tanh,2,val_loss,1672,4.373846530914307
6bde4ff3-df51-4ea9-a206-e5b24624dd1d,lm_large,scaled_tanh,2,train_loss_epoch,557,5.322643280029297
6bde4ff3-df51-4ea9-a206-e5b24624dd1d,lm_large,scaled_tanh,2,train_loss_epoch,1115,4.733353614807129
6bde4ff3-df51-4ea9-a206-e5b24624dd1d,lm_large,scaled_tanh,2,train_loss_epoch,1673,4.620371341705322
e500fef2-9b22-4c77-97b5-4ac0d9e4a378,lm_large,scaled_tanh,3,val_ppl,556,104.52725982666016
e500fef2-9b22-4c77-97b5-4ac0d9e4a378,lm_large,scaled_tanh,3,val_ppl,1114,84.6492691040039
e500fef2-9b22-4c77-97b5-4ac0d9e4a378,lm_large,scaled_tanh,3,val_ppl,1672,81.38167572021484
e500fef2-9b22-4c77-97b5-4ac0d9e4a378,lm_large,scaled_tanh,3,val_loss,556,4.631865978240967
e500fef2-9b22-4c77-97b5-4ac0d9e4a378,lm_large,scaled_tanh,3,val_loss,1114,4.41841983795166
e500fef2-9b22-4c77-97b5-4ac0d9e4a378,lm_large,scaled_tanh,3,val_loss,1672,4.378808975219727
e500fef2-9b22-4c77-97b5-4ac0d9e4a378,lm_large,scaled_tanh,3,train_loss_epoch,557,5.319736003875732
e500fef2-9b22-4c77-97b5-4ac0d9e4a378,lm_large,scaled_tanh,3,train_loss_epoch,1115,4.732987880706787
e500fef2-9b22-4c77-97b5-4ac0d9e4a378,lm_large,scaled_tanh,3,train_loss_epoch,1673,4.621943950653076
20f3cfc5-c725-44bd-8418-5fc7bc2ab23c,lm_large,scaled_tanh,1,val_ppl,556,104.4557876586914
20f3cfc5-c725-44bd-8418-5fc7bc2ab23c,lm_large,scaled_tanh,1,val_ppl,1114,84.31685638427734
20f3cfc5-c725-44bd-8418-5fc7bc2ab23c,lm_large,scaled_tanh,1,val_ppl,1672,80.69587707519531
20f3cfc5-c725-44bd-8418-5fc7bc2ab23c,lm_large,scaled_tanh,1,val_loss,556,4.630777835845947
20f3cfc5-c725-44bd-8418-5fc7bc2ab23c,lm_large,scaled_tanh,1,val_loss,1114,4.415173053741455
20f3cfc5-c725-44bd-8418-5fc7bc2ab23c,lm_large,scaled_tanh,1,val_loss,1672,4.370865821838379
20f3cfc5-c725-44bd-8418-5fc7bc2ab23c,lm_large,scaled_tanh,1,train_loss_epoch,557,5.32676362991333
20f3cfc5-c725-44bd-8418-5fc7bc2ab23c,lm_large,scaled_tanh,1,train_loss_epoch,1115,4.73634672164917
20f3cfc5-c725-44bd-8418-5fc7bc2ab23c,lm_large,scaled_tanh,1,train_loss_epoch,1673,4.619273662567139
266e1305-00b5-41b2-b62b-1e2fe560c6c2,lm_large,scaled_tanh,5,val_ppl,556,105.28532409667967
266e1305-00b5-41b2-b62b-1e2fe560c6c2,lm_large,scaled_tanh,5,val_ppl,1114,84.56121826171875
266e1305-00b5-41b2-b62b-1e2fe560c6c2,lm_large,scaled_tanh,5,val_ppl,1672,80.64605712890625
266e1305-00b5-41b2-b62b-1e2fe560c6c2,lm_large,scaled_tanh,5,val_loss,556,4.638636589050293
266e1305-00b5-41b2-b62b-1e2fe560c6c2,lm_large,scaled_tanh,5,val_loss,1114,4.418010711669922
266e1305-00b5-41b2-b62b-1e2fe560c6c2,lm_large,scaled_tanh,5,val_loss,1672,4.369896411895752
266e1305-00b5-41b2-b62b-1e2fe560c6c2,lm_large,scaled_tanh,5,train_loss_epoch,557,5.327879428863525
266e1305-00b5-41b2-b62b-1e2fe560c6c2,lm_large,scaled_tanh,5,train_loss_epoch,1115,4.734888076782227
266e1305-00b5-41b2-b62b-1e2fe560c6c2,lm_large,scaled_tanh,5,train_loss_epoch,1673,4.61832857131958
f04ff681-769c-4cd5-8d57-de023b2f23bd,lm_large,scaled_tanh,0,val_ppl,556,103.53829956054688
f04ff681-769c-4cd5-8d57-de023b2f23bd,lm_large,scaled_tanh,0,val_ppl,1114,84.6786880493164
f04ff681-769c-4cd5-8d57-de023b2f23bd,lm_large,scaled_tanh,0,val_ppl,1672,81.14183044433594
f04ff681-769c-4cd5-8d57-de023b2f23bd,lm_large,scaled_tanh,0,val_loss,556,4.621760368347168
f04ff681-769c-4cd5-8d57-de023b2f23bd,lm_large,scaled_tanh,0,val_loss,1114,4.419061660766602
f04ff681-769c-4cd5-8d57-de023b2f23bd,lm_large,scaled_tanh,0,val_loss,1672,4.375930309295654
f04ff681-769c-4cd5-8d57-de023b2f23bd,lm_large,scaled_tanh,0,train_loss_epoch,557,5.317347049713135
f04ff681-769c-4cd5-8d57-de023b2f23bd,lm_large,scaled_tanh,0,train_loss_epoch,1115,4.730374813079834
f04ff681-769c-4cd5-8d57-de023b2f23bd,lm_large,scaled_tanh,0,train_loss_epoch,1673,4.619340896606445
