std,grad_l2,rel_update,task,activation,run_id,dead_fraction,tanh_saturation_pre,tanh_saturation_post
0.400562354157396,0.049695091934491155,0.0018592197360036895,lm,mish,37b9a559-eba6-4acf-998d-ef811079e91b,,,
0.4041261915038401,0.049657196968570544,0.0018579931489823833,lm,mish,dadfff35-5459-4c56-a206-a1265e5aef10,,,
0.39899235490409196,0.04999296687957409,0.0018761400241037193,lm,mish,b950dade-b10d-4072-ab52-e1f824dbe386,,,
0.39979338980950585,0.05044515309845419,0.001896105857344818,lm,mish,8a6d3836-da81-4c86-b076-ae353c2d4b92,,,
0.39944043547264296,0.049726421356496846,0.0018623538227818812,lm,mish,cd5afde1-ad9a-46a2-86e6-3c435967a19d,,,
0.4010382924733133,0.049888051888052766,0.0018704894534586078,lm,mish,ec7c7dcf-d03c-4205-adfb-a06830af9d27,,,
0.40262902916357207,0.04906363778859204,0.0018303579667246523,lm,mish,c783640e-1098-45d3-99da-49004daa46a7,,,
0.39979009675363736,0.05028163589014783,0.001887102912683577,lm,mish,2a191668-580f-43f9-8b3d-b2c94dfccd6d,,,
0.3736402521107987,0.5495294855552085,0.04900854167784855,cls,leaky,a98e4859-dc3f-427a-886a-ed97df51f01a,0.5281880480448404,,
0.36474469406270965,0.520172089739582,0.04773561395531271,cls,leaky,a43830c6-0673-4227-97f7-0bfb51983164,0.5405764027404785,,
0.36206090108537636,0.5361323034765818,0.04840752218168146,cls,leaky,14e1d4a0-265d-4dfe-b801-64117b4653f7,0.5486899741363525,,
0.36879155569060607,0.5398479469283157,0.04837592829442771,cls,leaky,8ba60e52-ee35-4a73-a056-3619d98af9f6,0.522782307993571,,
0.36701563069168663,0.5214136034107565,0.0471525791073053,cls,leaky,ffb438c6-e643-4703-8e4a-7084dc117406,0.5272825501759847,,
0.36182791113360735,0.5201066031185061,0.04716347693398292,cls,leaky,afb82af1-f424-4877-a897-0510fc578640,0.5349004296875,,
0.3746637743105882,0.5247057761227606,0.0476340884764028,cls,leaky,c758eb44-d66e-44e3-bd85-7f12d00b11c9,0.519979776433309,,
0.36716603733921027,0.5238064223399453,0.04758027502534065,cls,leaky,6751ede8-1b0f-460a-bca0-bdb22be1af7e,0.5334682145309448,,
0.3992033351451542,0.48707525579016425,0.04497028482827631,cls,mish,02092469-33ef-42fb-856e-f8322c4635f8,,,
0.39444786920610925,0.5089628421619804,0.04648058175565426,cls,mish,c33d9236-8385-4fa4-ab51-c20bc2cc407e,,,
0.3959424681407596,0.4834989763902399,0.04453161035829795,cls,mish,b47657e3-af72-4bd0-af0f-cd22074506ba,,,
0.40230023175144053,0.5133712445608882,0.046444149269413086,cls,mish,49d0c284-d223-446b-ae61-4528bc5e88e6,,,
0.3950901154691366,0.48236131910238567,0.04508759897926812,cls,mish,8aca48a3-2230-4192-991a-57dcef0586fe,,,
0.4060148762264235,0.4877409455806098,0.04503004450747224,cls,mish,fb3ad292-403f-49d1-8945-021d44378c78,,,
0.3935546831137329,0.4796035613646099,0.044527799304719846,cls,mish,0d1fb4c9-666d-4a11-8954-8b18e03ffc8f,,,
0.3994292575794842,0.4990551658784234,0.04562893957649911,cls,mish,45e745df-c131-4492-b003-ff983a92104f,,,
2.0065088871408188,0.4000965867990813,0.03775705171823981,cls,scaled_tanh,a5d0c902-d07b-4828-8613-e99590ac76fa,,0.0,5.2349103291829425e-05
2.010924489971064,0.38898305178831,0.03730102964962499,cls,scaled_tanh,dd7c28c8-ae87-4309-bb1a-56696ee077c5,,8.900960286458333e-10,5.26052729288737e-05
2.0244545674157575,0.4022620672599668,0.038173815446249454,cls,scaled_tanh,df48905b-8a4e-4816-8003-5f9cd1ac1d7e,,1.7801920572916666e-10,5.9349428812662764e-05
2.0003440475170593,0.40259883368518484,0.038257732055562134,cls,scaled_tanh,0dc09fe2-1b6c-4d5a-91d7-28009cff7b8f,,1.0172526041666667e-10,0.00010900136311848958
2.0075360876298625,0.388898835062538,0.037668156520355774,cls,scaled_tanh,3fca3267-d6ac-4ae4-a000-f80fc41cbf48,,1.1444091796875e-10,7.43832015991211e-05
2.0217840756186307,0.39390485460315466,0.037581516524957455,cls,scaled_tanh,7f08d2e0-2a0a-44cc-b4ce-fc7d8e9bc26f,,4.1020711263020834e-08,0.00014852410634358723
2.0131697466525034,0.383042568451522,0.03677371398486575,cls,scaled_tanh,babe1d7f-48b9-4cde-b1ea-3ffe7b1acb4d,,0.0,4.000919342041016e-05
2.0228802623296227,0.4144655678872668,0.039218971476303446,cls,scaled_tanh,d15d1aec-20bb-47d2-9387-daef57c584f8,,1.3987223307291666e-10,6.0485204060872395e-05
3.0505368220456384,0.3746434347929366,0.047433677847418886,vision_cnn,scaled_tanh,dfbabb6a-65d5-4cd4-b95c-832d04e89b09,,0.12176283356631816,0.25246212040364496
3.0669448330387277,0.36797136191709867,0.04638230766937407,vision_cnn,scaled_tanh,d9bd409a-5a20-4131-bd3a-dd747ae94885,,0.12051082922540372,0.2512062714006576
3.0504944369671643,0.3774265737021909,0.04776427498096339,vision_cnn,scaled_tanh,c59d92f6-836d-4ff5-af2a-0fd379a0e0ff,,0.12100573016564373,0.2518224569563923
3.0500732004357083,0.3781317401799384,0.04854539985895939,vision_cnn,scaled_tanh,a7d49373-43fe-44ac-86f7-b53b747d5ece,,0.12367523995810031,0.2567694737425378
3.056022148690985,0.3732960593818622,0.04677787313593951,vision_cnn,scaled_tanh,7b4d09c6-ad88-441b-806b-a386f6defd0c,,0.11832221729070069,0.25198226721502354
3.048321371387792,0.3795173814370249,0.048021435663425906,vision_cnn,scaled_tanh,86c82a25-f8b8-4c17-908f-cc5868f65c36,,0.12278550363262657,0.2545333295151611
3.04607227060518,0.3836898214588732,0.048796900336909414,vision_cnn,scaled_tanh,692d0a32-41f4-4e1f-ac85-a822b9d81f90,,0.12426358666979832,0.25642576538760337
3.0525064658768915,0.37285488109022474,0.04725863489712325,vision_cnn,scaled_tanh,b69a503e-4ec6-4ded-af2a-818145fb79b1,,0.1278310618966858,0.2590458231866762
0.19935078990752755,0.10533364112346809,0.003345554227809569,lm_large,relu,334329ff-bcaf-4e64-bad4-31758f17bee1,0.8402312412059637,,
0.197437591611519,0.1063563895393644,0.003401134744861492,lm_large,relu,ebd43f55-137f-4719-b806-aa553a678981,0.8392321113686789,,
0.19845634948168234,0.10630989913735565,0.0033631007746585087,lm_large,relu,074644dd-c3c2-46e2-982c-3ba1d48b00af,0.8394606825817579,,
0.19881148931056278,0.10640204445179914,0.0033842777806840658,lm_large,relu,13c3c6fd-2f7d-42a1-8baf-85763f3912c1,0.8373461180763193,,
0.20004673774277668,0.10616991761599454,0.0033826502650455654,lm_large,relu,5b6ed0ca-d455-4232-9288-0e6c0052a953,0.8375649265572562,,
0.20244229360975868,0.10563276542042983,0.0033648512613174554,lm_large,relu,1a707f36-4c48-48e1-9c38-161cd277ee50,0.8343528471861213,,
0.19843027289209592,0.10618047460106643,0.0033672107984900708,lm_large,relu,73f21d43-fd84-44e8-b28a-aa3cbc6fcc0d,0.8391918965899429,,
0.1996696017324582,0.10617169272727871,0.003379502356916449,lm_large,relu,141e5cff-5275-4d56-9b63-7747daabc0e5,0.8375431682113892,,
0.5232208111196622,0.33910338491107084,0.027931404926782973,vision_vit,tanh,e992996f-30ea-4060-afc1-c3ac4b18b77a,,7.427659719879198e-05,0.0024691549242628202
0.5258787932943195,0.3298384489285946,0.027519195932280614,vision_vit,tanh,cc6dd343-e9ae-4689-9e7d-f1d5325bc721,,6.658420099094913e-05,0.0026914717031527513
0.52524023859632,0.3413251924386418,0.028058755596963313,vision_vit,tanh,758a273c-02c4-4dfd-b76f-a3b31e0ee91d,,5.88365882790662e-05,0.002764660412215778
0.5286602897033598,0.3393884782859799,0.02807138288009311,vision_vit,tanh,fbefe128-cb9b-489c-bd05-b70f7f343990,,9.320943443401922e-05,0.003717381983641776
0.51853921869648,0.3304957627137433,0.027957402218464412,vision_vit,tanh,60416c74-f53f-4a81-8e5e-6ef50b9cca12,,8.423468124443123e-05,0.0023149125425179417
0.5230765046939246,0.3300664457543046,0.0277423944584662,vision_vit,tanh,52ef5da2-747a-47e4-b4f4-6f72de88ece9,,0.00012336494251751357,0.0030973679044483016
0.5190225325972727,0.3321001139371012,0.02765131973105794,vision_vit,tanh,1a2d8595-5c1f-45f1-b516-8b53b84c8040,,6.371244868290477e-05,0.0025244042393514935
0.5253674330137854,0.3334734124707548,0.027782133707846202,vision_vit,tanh,059cd924-4f17-4ca8-9c0a-cc62952e35df,,9.44959915147385e-05,0.0029590648611688888
0.35407757033264203,0.054882253256778694,0.002108351459614213,lm,relu,d2f7467a-1645-48c7-8cf1-540bfb11cffb,0.6367958852722976,,
0.3553589958459425,0.05451189680394586,0.002088845971310976,lm,relu,1f53a110-c0fe-4c62-9127-4d4df4efb9b5,0.6371003415554868,,
0.3541711159753598,0.05480740674286142,0.0021069125694251544,lm,relu,5d5cd6b2-9ef6-4ee7-aad0-594e375c86ba,0.6389644027816868,,
0.35499268416916857,0.05457028642914124,0.0020923513836283375,lm,relu,fc8adcaf-6687-4304-93db-53c6ad1f2753,0.6348786742767829,,
0.3541697735000514,0.05453177205272066,0.002088296045221235,lm,relu,7f972011-f7f0-4454-8bfd-4d61b9aff613,0.6367892112914354,,
0.3527369863821488,0.05526701665816884,0.002126090477269954,lm,relu,da4e7352-0a76-4855-bde4-df8b1b8ec379,0.640205997366498,,
0.3613033247495638,0.054160106289387805,0.0020711168246806775,lm,relu,7ea43128-db11-4ddb-93b8-391c88c7c15f,0.6299450497716348,,
0.3533700763530121,0.055277709814857606,0.0021268249893397883,lm,relu,f7278250-20e0-4de0-b713-f4d27a9d3f5d,0.638356077787715,,
0.34571046782090964,0.40854527626933484,0.031031976177340184,vision_vit,gelu,75b0d942-b4df-4dcf-964f-edef3e014ea6,,,
0.33219938802276805,0.3962086383535563,0.03060470413735482,vision_vit,gelu,9c8ab725-738b-4cc2-b2af-b9648aeb8ad3,,,
0.3290401435827178,0.3981179501113561,0.030811731294752107,vision_vit,gelu,67ac531c-fb3e-4bc4-94a9-359259160426,,,
0.34206958739093607,0.40034138387971774,0.030728610826631305,vision_vit,gelu,ce627961-4e44-457e-9ded-87575b3b33d4,,,
0.33281855530549964,0.4025274913411092,0.03116149633262306,vision_vit,gelu,a2634f2d-71da-409f-ae90-9a698270560e,,,
0.3308635205717258,0.3967777388397298,0.030674322296185184,vision_vit,gelu,510c9a5c-84fd-45d3-8769-70f906d06f80,,,
0.33457134586837173,0.4005731742204511,0.03077348109898973,vision_vit,gelu,cb1a5c5d-0b1d-4b70-becc-5176e7c43cb5,,,
0.34265890441921115,0.4029259071620654,0.030765606894966376,vision_vit,gelu,7a2244bf-2691-4683-8b7b-597aec3fbf69,,,
0.34671625413023177,0.37117939171598024,0.029725444330793084,vision_vit,silu,ba55d835-7d62-4c7d-b03a-3918eb583d4b,,,
0.3533388223259331,0.37151393094336826,0.02940802490083672,vision_vit,silu,0b4ca0a8-94af-42b2-8263-f30c026e17bf,,,
0.3460950372039219,0.36596637551978,0.029194471942983403,vision_vit,silu,e1da7e2f-9ab5-42b7-8e76-a2c9ab5acd2a,,,
0.3404855843326824,0.36934971980024617,0.029476771730210315,vision_vit,silu,d5cccf4c-ce83-43a3-93dd-1bb225e7a23e,,,
0.34621431068913955,0.3688286815563082,0.029333233355946033,vision_vit,silu,7ce09c93-ab5b-4a23-8ad8-8bc6c2d12c31,,,
0.3513038598340763,0.3717127980498065,0.029388583457275644,vision_vit,silu,df93e37d-eb4d-45b3-9103-37c7a77a75fc,,,
0.3527412741779989,0.3774019119391971,0.029647822326576943,vision_vit,silu,75c2523c-257b-4bbf-be04-b7341d8bc25e,,,
0.35136475642990506,0.3676143001681212,0.029220556236063212,vision_vit,silu,4bb34b3b-3573-45ee-aea1-f2f1fb6ea315,,,
0.33678262858819075,0.052744349174206444,0.002007718261483045,lm,gelu,779e4912-3ca8-4a57-93dc-559fd843e2ba,,,
0.3381892131661898,0.05292004052130266,0.0020136346870037744,lm,gelu,9eba82df-27dc-4d2b-aea1-49c9fb3c1b62,,,
0.3424449791913542,0.05256013221860598,0.0019956295618164237,lm,gelu,ea1b2786-47f3-44e2-82f0-1463d1a06c1e,,,
0.33671684171943267,0.05328764540012696,0.002031639599419672,lm,gelu,1aa9e7dd-0ae6-47df-8d00-c02c16f0472f,,,
0.3400599534149888,0.05283966447788488,0.0020102909338946835,lm,gelu,b90e3d16-3445-41b1-9056-376d1f32da5c,,,
0.3396017273510664,0.051981855497274035,0.0019696187189405,lm,gelu,bd88eac9-f0d4-4d39-96a4-523dabf203fa,,,
0.3371950399979555,0.052558265591106344,0.0019964493093626375,lm,gelu,7ca34ca9-1ff8-4ba6-9eae-30b83a5fdfeb,,,
0.3383084332909001,0.052488870525192285,0.0019927108182322376,lm,gelu,8873c20a-b9e5-426f-aed2-999e7d96e971,,,
0.867306929283278,0.1974589554326286,0.025159133600511717,vision_cnn,leaky,9bd12baa-622f-48b6-9ceb-71cc411cb335,0.43920243358161604,,
0.8714982223461497,0.19192922755941053,0.024086489016450094,vision_cnn,leaky,9bc62605-5df5-4601-8b24-2b6d7ce20925,0.4362993991262356,,
0.8622710050611304,0.19974810190524706,0.02540385737632292,vision_cnn,leaky,b658df7d-6570-4471-9b5e-2b891672cf64,0.438236392647953,,
0.8674939386414902,0.19898242669674757,0.025309598063711986,vision_cnn,leaky,cd7712e0-715a-48b8-8a32-2b095e6b2140,0.4404169802047946,,
0.8752776474503698,0.20046055747439187,0.025630786748576002,vision_cnn,leaky,be12839e-58c8-4683-806a-c87bb13626fb,0.43637152967504483,,
0.8689151988932622,0.2055905593642172,0.02635082208096709,vision_cnn,leaky,4e069269-466e-4253-852f-bc740659490d,0.43769958447830887,,
0.8680718617130213,0.2006671802156146,0.025780399932598903,vision_cnn,leaky,e644625c-3428-4949-8e54-8a89fdb8eb85,0.43664672293965484,,
0.8674917295972322,0.2012323988672811,0.025662647313709968,vision_cnn,leaky,32d27b35-9169-46bc-ab49-20edb81f4274,0.43676757552524004,,
0.8958042430076381,0.18717536065757245,0.023840596976390436,vision_cnn,mish,ee90fc57-41b7-452e-9cae-c3c66f881e13,,,
0.9042696649160987,0.1866416202526214,0.023621376568294068,vision_cnn,mish,60c62141-1272-4122-8fcc-23f09ffa1ed4,,,
0.8836875456393587,0.18620680470707046,0.023530166177986818,vision_cnn,mish,4dd64c8d-a081-4210-b0d5-797b17d81ff5,,,
0.8966505488313962,0.1845997491395226,0.023160131091457745,vision_cnn,mish,a49d3ede-aaa6-4603-8f1c-cd283b503727,,,
0.8946914909559853,0.18845328019032032,0.023891137123488945,vision_cnn,mish,84d6d252-423f-49be-aff4-12026888e509,,,
0.890581467459218,0.19507754129983818,0.0250013781113132,vision_cnn,mish,c88f167a-88ba-411f-a2cc-d74ea0af2aaf,,,
0.8888460080197921,0.1914774848252898,0.024327980777233457,vision_cnn,mish,7e886a16-6e2f-4500-805c-cf79e82d2fbd,,,
0.8919623602131416,0.18725002785409156,0.023767777559886936,vision_cnn,mish,8bf73ddc-3018-4aa9-8a68-be49130e375c,,,
0.3924514270002952,0.37367322756222804,0.02985498904972693,vision_vit,mish,403b3ce9-049b-4a32-aadd-a838009a9d2d,,,
0.3966740546275841,0.3742508254660297,0.029524892294105917,vision_vit,mish,13f0fbba-6c9a-4fff-8cd1-cea4df0b4f54,,,
0.39432082746614017,0.37445447729827475,0.029572378671907665,vision_vit,mish,f91e2b8b-6c86-40b7-808f-76b663cb51cf,,,
0.3846303263767334,0.3718481189735005,0.029611285523807717,vision_vit,mish,f170c682-c438-42ed-9a3c-e295e3ed2c5a,,,
0.39994523204885224,0.3702915784160537,0.029359730148594596,vision_vit,mish,3ee6b4b2-080b-4fb9-a6d9-e1770150cb1c,,,
0.3908298401734183,0.36852094822628884,0.02933674472487182,vision_vit,mish,0eb304da-d15b-4100-8138-19d82a1dda05,,,
0.40055337147602416,0.38130091780830305,0.029846183284539803,vision_vit,mish,c7a0d818-1a16-4610-85de-8532ec980853,,,
0.39025006384889555,0.3615462562086595,0.029014160826208446,vision_vit,mish,a0a007b2-96ff-4088-bf5f-aea05c8a48d3,,,
0.836702459408983,0.18790581434605289,0.023862186778152668,vision_cnn,silu,e0c1c8c1-5142-47c3-9dd2-30a5cb63ded4,,,
0.8281118955535502,0.18583132548224532,0.023701436566609592,vision_cnn,silu,2e6ff7ec-fa0d-4dff-a14c-55b4d1352801,,,
0.8283203448645681,0.18771470308553906,0.02381415229573097,vision_cnn,silu,12e4687c-5044-4128-a0f1-81a6b9242778,,,
0.8233402594504585,0.19023372545737421,0.024217015797639765,vision_cnn,silu,b13b5e66-665f-4b0e-b763-bd27ef24238d,,,
0.8290686039466666,0.1843618222990375,0.02333816736257995,vision_cnn,silu,6ce7a7dd-62b4-449c-a0ad-9de1cca169aa,,,
0.8114458701045536,0.18681126631506173,0.02357922823149309,vision_cnn,silu,aa9a42da-cf13-46f7-8d7c-6f34fd03f3ff,,,
0.8317719356266147,0.18343171870297312,0.023059243002592916,vision_cnn,silu,5e554639-c061-4547-b5e7-9c64a230792d,,,
0.8277129070115826,0.18434971771497613,0.023422834031269178,vision_cnn,silu,e26a3fe3-14eb-4ac3-8268-9d6125cfe3c1,,,
0.35510292573044816,0.05426650513289746,0.0020756662118901407,lm,leaky,aab15c64-24ad-4883-8291-dfc4ea9e30c6,0.6379747562667228,,
0.3554509431641265,0.054589738959420604,0.0020945596206432197,lm,leaky,a050ec5c-ecb3-40f9-980b-fce052eb975f,0.6372499896432157,,
0.3564313887847667,0.05425929818169204,0.0020772494553101344,lm,leaky,a7ac3fa3-5ed3-45bf-b6e1-0bf4d6e7abba,0.6377982795662727,,
0.3540470225995512,0.05506778048329508,0.002116866850679845,lm,leaky,412d55b8-83e1-4728-a429-ee17cacb7404,0.6399328198297168,,
0.3561624375142626,0.054225902300658865,0.002075732337192875,lm,leaky,47f24002-3aa4-4115-aaf6-ac3263cdde4e,0.6355881551194447,,
0.3613116015995489,0.05401360552627794,0.0020644993864836867,lm,leaky,a53e0136-b52b-40b1-a646-3eae55668dc7,0.6321762967788451,,
0.3532598010201865,0.05499876995513881,0.002113594423668021,lm,leaky,6f766ed0-557b-46b2-b144-8e2175eb823d,0.6419254766664471,,
0.3548645498715442,0.05448350708970898,0.0020910861421443512,lm,leaky,7379f508-9458-4d7e-974c-e571850ad5aa,0.6401994488311408,,
0.19934781437594717,0.10549075085918934,0.0033322777081416385,lm_large,leaky,1bd3b6d8-306a-429e-acd7-99ea0db1a0ca,0.8428319089913932,,
0.19937720172601003,0.10563750540615158,0.0033344913989332924,lm_large,leaky,df9fc785-36fc-46ae-87ad-f5594458108d,0.8430404725676888,,
0.2006627077860518,0.10571450703122735,0.003356170904645404,lm_large,leaky,66d3e9c8-e002-4fdb-91ac-29cb3350f8a3,0.8422288889480869,,
0.1998897911309967,0.10566206637718954,0.0033457066522963666,lm_large,leaky,1d8f4da2-d37e-4ace-ab93-c2b051532949,0.8428040397955934,,
0.1975022943805888,0.10603701977943446,0.0033843479347897606,lm_large,leaky,41a76b3e-792a-4bfb-a5b9-68ac9b759e05,0.8439758550909289,,
0.19869927632489856,0.10601107845741219,0.003342548337259088,lm_large,leaky,ef1935db-c4d8-44b3-8092-8484009baf5d,0.8442560260464187,,
0.20041559219319652,0.10476277108380305,0.0033208274948403923,lm_large,leaky,4c632b30-2096-4a72-83d8-36dc90d1efd4,0.8446449944580914,,
0.20217353784744688,0.10529817664034267,0.0033520768737475277,lm_large,leaky,a693a43e-11e0-4a4e-886f-465fb17c6990,0.8396772959350068,,
0.3384107019234932,0.10088938289961735,0.0031048193270077256,lm_large,mish,2c2ee54b-81ed-40c0-886d-acd6eab713eb,,,
0.33665592314345033,0.10189769180276795,0.0031402621949865954,lm_large,mish,74ebe206-51d6-45f2-b405-371ee584f316,,,
0.33804871306060835,0.10106620485881636,0.003107428457850556,lm_large,mish,981a416e-3b4a-4a1a-b2fb-bc7c00bc6120,,,
0.3399639390391328,0.09995986504714983,0.0030424314270564093,lm_large,mish,e675dab6-ae29-449e-817a-17a8aadf5e2b,,,
0.3376452939511131,0.100600932101309,0.003087397414468222,lm_large,mish,d0e4c1a1-eb05-40d2-bd2c-899bbe7bb6d3,,,
0.3402327888808969,0.10029993461132483,0.003065679578587226,lm_large,mish,01f5cffe-ee81-4246-8c19-50d4d545c3bf,,,
0.33921587284489674,0.10015001552260902,0.003069378187667116,lm_large,mish,b4c1165f-144a-4232-883d-6831c199c2a4,,,
0.3366953359737697,0.10183962946116404,0.003124606291229105,lm_large,mish,d9812dc5-f58e-49c7-9312-f32968e1f76d,,,
0.6698269543890796,0.22079535184456786,0.028905015126751546,vision_cnn,tanh,a75a7b1b-c6fa-417f-85fc-59ff8707ebc7,,0.001583476510607762,0.028567435696379213
0.6692441114383615,0.2194130349164651,0.02909602225482444,vision_cnn,tanh,c20ccb50-7dda-48a9-bce4-fe92c0fbf9b6,,0.0014818146450799486,0.02878032133164193
0.6703579117108882,0.2249136480133448,0.029522340539674213,vision_cnn,tanh,c4e13924-5c0d-4d17-8a38-2377d2d7fd45,,0.0013556677513277,0.028091707030127727
0.6702006368858396,0.22361337544817955,0.02950510699079018,vision_cnn,tanh,0885d977-7807-43f2-9e46-4489d7039cb0,,0.0014355162892103516,0.028761247118153234
0.6695551565312128,0.22759512747300192,0.02999409670801539,vision_cnn,tanh,fdd9099a-63d4-4b8f-aafd-0707b5a9463b,,0.0014607304374859562,0.028000419255692948
0.6723120701428151,0.23033900856596207,0.030291380111288586,vision_cnn,tanh,af3d3863-d30e-4571-925e-72461ed761ef,,0.0013630463269397152,0.028040575344070246
0.6699929455250969,0.2221622511474586,0.02923213459409554,vision_cnn,tanh,0841e331-afa5-4685-b4ec-0f5b2a94e4b3,,0.0015358227016793891,0.028368751365646178
0.6687338404740023,0.23225595171033422,0.03070540106801569,vision_cnn,tanh,38c8666a-e159-4958-aad8-6cff2bf6c760,,0.001433409750059388,0.028404571762290883
0.6241310001485628,0.42507329124541915,0.031258911443329235,vision_vit,swiglu,69b00873-a76b-457a-a6f3-049540269944,,,
0.6249159420417818,0.42544158286671596,0.031143762594665118,vision_vit,swiglu,eb3fc29b-aa74-4daf-b163-8b60d367a3e2,,,
0.628759840817523,0.4238451096376308,0.031101618682816173,vision_vit,swiglu,2c52e19f-2522-47e5-98b8-7ec5dc18d108,,,
0.646965989495565,0.42504833912627377,0.031196247698786483,vision_vit,swiglu,a8ea7b41-cdf2-4f24-ab18-f52679fab18b,,,
0.6724100812539964,0.42524406039864127,0.031061377783094833,vision_vit,swiglu,3a91b3bf-35fa-4784-ad72-cec26067be36,,,
0.6412479100085949,0.42439731306536504,0.031153721752540893,vision_vit,swiglu,c4b87782-4434-4480-8f9d-40fe8833b31e,,,
0.6267318456679621,0.42534256276072885,0.031265883873723414,vision_vit,swiglu,d5d73b42-a71b-45dc-b642-070d70a29ae5,,,
0.6578060372921426,0.4190849818517418,0.03092962944315602,vision_vit,swiglu,b78bb4b3-bf95-4145-95fe-5866c3af5eaf,,,
0.3121866225294283,0.4245071989259179,0.03229183803690789,vision_vit,leaky,6966d8be-e5ec-4e6a-a6de-6f14b1f1ae77,0.6631174075017627,,
0.3101332924249805,0.4134107975219081,0.03176743944667749,vision_vit,leaky,3b3656a1-e113-4dec-9b24-d7f3fcd8dae3,0.6583641552453877,,
0.3089131378072667,0.4204695040095452,0.03241751750503243,vision_vit,leaky,17efbb48-1894-4e29-adca-5ba8dcfe70d4,0.6683035470252363,,
0.3001673920117346,0.4141349266396506,0.03196527192945509,vision_vit,leaky,ccb8410d-d1fc-4102-9ce8-482408d21ef2,0.678040523402966,,
0.30832818358426795,0.4094597864410229,0.03165974427284738,vision_vit,leaky,7211407c-6a23-462c-a738-476c8d94fe21,0.6657863182084173,,
0.3054120665020379,0.42062245664104786,0.03211317864015933,vision_vit,leaky,05838c97-e37f-45a6-8c28-3037190eea4e,0.6690325439071808,,
0.32138906590121785,0.4185129269672878,0.03196652403308598,vision_vit,leaky,bfbbb6a5-b4a6-493b-a8db-e6d541e519a2,0.6525970490690735,,
0.30412919812882155,0.4107113996932309,0.03166121634834001,vision_vit,leaky,5b9fec93-dd5f-4407-a77f-aaed134ee68d,0.6756305162347536,,
0.3060268600873325,0.09936041728873377,0.003023041891167666,lm_large,silu,4e609b48-ba4d-49ef-899e-d422dc10bb0f,,,
0.30247401655971085,0.1009296632727608,0.00310076976047365,lm_large,silu,9ed8a4cf-a3f5-4479-9f37-6d35a0c446c5,,,
0.30232651966911567,0.10157061916340213,0.003139462874626804,lm_large,silu,f4410df1-3721-483d-a777-8d879f499132,,,
0.30611996376083633,0.09957787419127279,0.0030436465084129837,lm_large,silu,36ed36ed-5530-4dbd-abe9-d0e03400f509,,,
0.3057085477518994,0.10012379079878855,0.0030514598765190373,lm_large,silu,20e53180-52f4-40b1-bbbd-5c32a43453ab,,,
0.302418969862494,0.10095850642973571,0.003107568574079383,lm_large,silu,b915809e-8352-4809-9bfc-d4a98ceca415,,,
0.30353491537283583,0.10083679110061175,0.003105714722690331,lm_large,silu,60bda151-40e6-480c-8026-5bfa2fba5548,,,
0.30518730957323215,0.10082835859900877,0.0030879713784539354,lm_large,silu,86e7992e-615c-4e5c-bd3b-047ec40a01da,,,
0.8399526075284223,0.054059735752580614,0.002220239943524322,lm,swiglu,a5b688d1-84d6-451e-ac4b-e48566eb7174,,,
0.8253627084606466,0.0541675897320824,0.0022238693019314406,lm,swiglu,238f5301-38ed-475f-bb26-ee984438dc17,,,
0.841830317520944,0.05412566210614663,0.002224028660095342,lm,swiglu,defe129c-036a-42a1-a45a-198ea221c91c,,,
0.8364407862513278,0.05437425019957708,0.0022375894476092417,lm,swiglu,5dbca37f-b209-4675-8575-aedeeaf7e9a4,,,
0.8243175537467828,0.055080212829183114,0.0022737453836410466,lm,swiglu,363d2648-a633-40d6-9b8a-765827898790,,,
0.8256177875083935,0.054944470035433686,0.0022669118497829523,lm,swiglu,939f34a2-cff1-4153-8d05-93fc418c84c0,,,
0.8155594508405456,0.05520126047861704,0.002277996390958133,lm,swiglu,3ce83cf4-afe0-471a-897e-2ac10e2dbeff,,,
0.801646378107384,0.05495978916924687,0.002266635134724778,lm,swiglu,c4493dec-3a24-4221-b060-c83116641b71,,,
0.37184762014691,0.5511430702757417,0.04911582191526475,cls,relu,094f1eef-858d-4ca8-a6ff-1541fdf7c3f0,0.5285780326080323,,
0.36711288106663986,0.5413161319710067,0.04847063215244635,cls,relu,332b425f-6b60-4eaf-9c96-35daa4b5bb9c,0.5230668830362956,,
0.360374434178511,0.5374466107275163,0.04849314263448684,cls,relu,ba050ed3-adeb-4e25-92af-5850a7bc33ef,0.549000210316976,,
0.36514342279895096,0.5231670678745514,0.047261379448879016,cls,relu,792ff954-6323-4e17-9172-af587c5d0395,0.5275772818628948,,
0.37288004827562915,0.5267401912208204,0.04776489434749065,cls,relu,c38b9f67-3283-4fc6-b5a5-335cb6b281ad,0.5202297889455159,,
0.36537736500724144,0.5254211376276338,0.047685907068596746,cls,relu,4f515838-3fe3-4eef-8cb6-a84bf74d76e4,0.5337713134765625,,
0.36297525780979784,0.5216406617776443,0.04783060606814989,cls,relu,3e7fad92-4f45-4f0d-9afc-2941cc3e023e,0.5410967495218912,,
0.3598757726929984,0.5220615953470457,0.047286527461008136,cls,relu,7b4190d8-b5df-4917-bc66-18110fab7f6c,0.5355999534225464,,
0.3657469778186479,0.5085101745844613,0.04632357376830326,cls,gelu,5415e385-1535-476c-892a-6b4a260cdb58,,,
0.3563906698320708,0.5065455980941577,0.04595597150372996,cls,gelu,6f02e9ad-d596-4eb1-9e19-443e9690da44,,,
0.3579222268722855,0.5051066595076621,0.046124813915320896,cls,gelu,d6f5197a-05a5-486e-9296-8deb84ccc57d,,,
0.3625141561172805,0.5332626460042129,0.047631717159748656,cls,gelu,4a907c8c-3ba6-4a01-80ad-a54e0675f731,,,
0.35409064797624,0.5056565383960772,0.04649669384349966,cls,gelu,92760cfe-dbfc-4d09-9604-3d30528ae90f,,,
0.352593831492901,0.5225211693066913,0.04728420012647275,cls,gelu,b981fb70-2ece-47a1-821b-e66fc141aab0,,,
0.35105341202640605,0.5023687470681989,0.04586758926108226,cls,gelu,15134e1b-e898-452f-b155-b4d0cfb428b0,,,
0.35815444208844527,0.5240724266699323,0.04710220313989935,cls,gelu,a1c6c234-2a26-49fb-b6f5-f2ff252014f5,,,
0.3370060809332545,0.4761722532686013,0.04445564568138232,cls,silu,d878fdd0-64ba-46c0-b90b-f1042994774f,,,
0.34999093023602246,0.488672293486154,0.04526320258261948,cls,silu,b8aac140-d9f4-4138-b043-f856d894d164,,,
0.3382349375874213,0.5047898605474876,0.04632935828513065,cls,silu,630f2a24-ac01-4f97-b4be-8ae19b718e4a,,,
0.34013141322438034,0.482524071818083,0.04465133919874057,cls,silu,a5cd5b79-f846-49fa-960b-dbea1f648aaa,,,
0.34398266521040716,0.4995227039094919,0.045784574174282916,cls,silu,59327ef1-09c7-4719-8434-bac6b90cabaa,,,
0.3458475739668221,0.5119305482064367,0.046473014161337846,cls,silu,eb493763-e847-40e1-91bd-41070bdf7bb0,,,
0.34453699637794605,0.48668588273168617,0.04513298222228838,cls,silu,03301804-add5-4541-927a-b028ef85ff85,,,
0.3397195245582276,0.48211726693195284,0.045253779676293515,cls,silu,b5ae245a-3e24-4c6e-9353-c609433fd8bc,,,
0.8747016860195831,0.18714083617912416,0.023633296921051115,vision_cnn,gelu,addef0c5-02c3-4dfe-a1d4-69d2383bca20,,,
0.8722518828059806,0.18858618465807955,0.023901769768259005,vision_cnn,gelu,52b81a9a-75ca-4688-8252-a171fb1aed4d,,,
0.8729652863273402,0.1838998156553637,0.02297990787627505,vision_cnn,gelu,7c71b666-72f7-42f4-a3bc-837c04c6616d,,,
0.8698444645863938,0.19018504664747843,0.024002312795857225,vision_cnn,gelu,77b7baf3-398a-4c98-8024-39ea961b4149,,,
0.8828788257991621,0.18767134602014346,0.02374318464233616,vision_cnn,gelu,502a7121-9cfa-4c3f-90af-3b8c386f1a9a,,,
0.8772158288910508,0.19201311737403184,0.024553940426169815,vision_cnn,gelu,7c9c5b69-b838-4821-be8f-8b7b1e1a62c8,,,
0.8682675862013692,0.18986354237491992,0.024020868378398414,vision_cnn,gelu,a5055aff-6f27-4b87-8702-cca4708ad96e,,,
0.8759617702567466,0.18811349983533784,0.023775581027715344,vision_cnn,gelu,13a5b9ff-bd11-4ae8-a5cc-a41c2d460804,,,
0.6746235502470731,0.09658789065578652,0.0029805596343122492,lm_large,tanh,de19a7eb-0e38-4eb7-ae38-f387cda699fa,,0.026767518983875464,0.08936215788215295
0.6751807726768466,0.0961160922984098,0.0029676007057855007,lm_large,tanh,f84c532f-f799-4860-add2-2f5fcf592ed8,,0.027201772986392272,0.09130948091044808
0.6801224440614609,0.09533581523164925,0.002902846294722314,lm_large,tanh,c875f1ba-0426-402b-b881-7a1e35b2126c,,0.02727612917634433,0.09074872806248556
0.678235106580234,0.09614291999457887,0.002943120419596498,lm_large,tanh,7a144a47-8202-4947-851c-ad3063137d44,,0.027108667272751557,0.09112943695501131
0.6774851717437703,0.0970313982981922,0.002991057990922615,lm_large,tanh,fd34e625-e91c-40c6-8f3d-6037bbde353d,,0.028112718425436615,0.09219396299314517
0.678448447881747,0.09623631378216081,0.0029560211727807854,lm_large,tanh,ec6d00b2-6133-4c72-adf5-c40fee01ef4f,,0.027596801756583685,0.09051631055374905
0.6783384342689811,0.09631058798322839,0.002939700714623318,lm_large,tanh,d184d178-9bc9-4b03-8fa7-473a5e848d25,,0.027672967846611055,0.09142752645699566
0.6818850895633257,0.0965749417514238,0.002959008753971644,lm_large,tanh,e5d4efd8-be48-4028-9941-bf57f6e57b78,,0.02755964446107818,0.09272113794490586
0.3531178761008988,0.050197980196635864,0.0018852095880208988,lm,silu,f6fff10c-f71b-4edd-9c1e-6d130473deea,,,
0.35599222082344867,0.049872860019022774,0.0018675716858424138,lm,silu,67523e7f-7f35-4b43-a1b1-8a087f9bd085,,,
0.3520978347276221,0.05013306429089193,0.0018816803564344687,lm,silu,4705f87e-adbe-4d8c-900f-0d7e6e52307d,,,
0.3529486854849526,0.050410535706182806,0.0018932881648278937,lm,silu,1c5b9f6a-e7b9-4564-9c2d-86e2791226d9,,,
0.3518204501926667,0.05029400266997877,0.0018900683394850548,lm,silu,ffb84194-ded3-4fc4-9894-4f83c910294d,,,
0.3536899524134862,0.04964736182961454,0.0018584576160299681,lm,silu,efd54770-91a5-4e68-9b56-e4cbf58d3dfd,,,
0.3511597556483472,0.051060756613385494,0.0019259461860170052,lm,silu,1e66cfd5-b287-44be-b1fa-53571bd59703,,,
0.352757595340338,0.05007717030553537,0.0018772301718407818,lm,silu,86da18d5-f2c0-4f7c-a5b2-842d4d3573f6,,,
0.46914607096185185,0.5051747990799015,0.0443849643185077,cls,swiglu,53cfa4bd-edac-4bce-9efd-3ff945cab517,,,
0.4530873444786443,0.5094525966313598,0.04501802272062494,cls,swiglu,3b036d2d-fdf9-4394-ac22-1151b5cd5d35,,,
0.4445542382056187,0.5030502349512611,0.04441860657330519,cls,swiglu,68abaf42-c010-40b5-aacf-648e69c6b17f,,,
0.45872895360299504,0.5112782541750002,0.04467879696320463,cls,swiglu,c9ffe023-a6f0-4310-b572-76c9badcbe38,,,
0.4633499857893436,0.5085647431374987,0.044482257848491545,cls,swiglu,58a08999-16b8-4eaf-85cb-68acec8738c0,,,
0.47582910591036987,0.5029116302111529,0.0440569019790925,cls,swiglu,77acd764-741d-4945-afa2-56dca43013c8,,,
0.4423094783137852,0.5012155892097208,0.04386280078175493,cls,swiglu,173c1618-c76e-4b10-9d89-3675bd56ca33,,,
0.4457119033343425,0.5051445096779249,0.04503096350122486,cls,swiglu,44d6291d-43d5-49f2-8981-aaa5c39d0aea,,,
0.30115600347063937,0.42222463529577736,0.03220851087827568,vision_vit,relu,834d8992-080f-4334-8d41-1c153c8f5298,0.6742957432529865,,
0.29700284595281556,0.41530711672014425,0.032036088226041155,vision_vit,relu,db4c005b-dcfc-493f-b789-b90fae410312,0.6814736348919124,,
0.30775139083296443,0.4145986948417559,0.03183436837806006,vision_vit,relu,cde48bf0-2ad2-4a13-a3d6-becd06a730fd,0.6609200248638025,,
0.308918690134352,0.4214263088073467,0.03248125305166148,vision_vit,relu,2d7df942-a4de-462d-9254-47f44f67a78a,0.6682930557684512,,
0.3180671685818513,0.42106190822953643,0.03210424509881693,vision_vit,relu,8d568d74-05c1-4bab-9ba5-d580d3ef91f2,0.6555871322878406,,
0.30925343310785475,0.41024999304632587,0.0316932518955469,vision_vit,relu,cc534052-25ce-44dc-875e-24e84a0a5f23,0.6668728343333699,,
0.31230290620713796,0.42375229518355995,0.032227598111511095,vision_vit,relu,1eb81d11-0f64-4f5f-8718-a472f3cb0afb,0.6633311903935212,,
0.30260025476279295,0.4126603522567997,0.03177935351119419,vision_vit,relu,6b3cb5e8-dde0-4981-81d7-7275fdaaac43,0.6767783341652308,,
0.8686760145794828,0.2000659705710016,0.025443833606013554,vision_cnn,relu,3354f7a6-02bc-4867-b1b0-15d964e0e986,0.43613090974277496,,
0.8716873121365193,0.19315485612530375,0.024301165849330248,vision_cnn,relu,74291ae7-1429-470a-aac1-588bd1979a1c,0.4345404083686963,,
0.8736149511681406,0.1995290593463918,0.02558869046212646,vision_cnn,relu,d9431be6-bc08-4d77-8c17-e746359aa7fd,0.4371878670487809,,
0.8608299901440989,0.19899245203740307,0.025288148284426465,vision_cnn,relu,2797a817-24af-466e-86ce-868cdbc3fe4d,0.43591007223335193,,
0.8719860510227486,0.20503951892201205,0.026254935295315418,vision_cnn,relu,55c53a21-c849-44e2-a93b-d93cbbf00d85,0.43747391299197547,,
0.8635694261692601,0.19880137948984833,0.025308354939902904,vision_cnn,relu,60744b5a-8800-4916-9f74-46c892a6bef4,0.4383761294940222,,
0.8678868679964724,0.2000836158598956,0.025486401389938344,vision_cnn,relu,896a6b36-3281-4fad-bea3-6bc45430c416,0.4383103353967551,,
0.8666989943681773,0.20197223402125958,0.025963568410981432,vision_cnn,relu,bfaccbb1-fd1b-45b0-bd2a-efdcd68ee9d0,0.43365991587580943,,
0.6302717465616676,0.10117527307538579,0.003570476376016417,lm_large,swiglu,25edebe9-4550-4338-bb9d-911d8835632d,,,
0.6507058927425877,0.10063482742229118,0.003539793459279685,lm_large,swiglu,b83b07a5-7197-41b4-9f33-4b6037d2ac99,,,
0.6378472853179181,0.10056032715502439,0.0035275698032103727,lm_large,swiglu,9f28eff7-c1a8-4bde-b968-a70db4a122dc,,,
0.6414954638026946,0.10044986565786615,0.0035285601254703425,lm_large,swiglu,d1c9876a-179a-4970-b0df-834584b1b3c8,,,
0.6474373396517407,0.10068263696770587,0.003559310935138058,lm_large,swiglu,2d087e47-4fe0-433a-ad8d-79e0f74ffea5,,,
0.6538181388971454,0.100552399145155,0.0035420290740728225,lm_large,swiglu,a192f08b-035a-42f7-a1b0-e947c4647bfd,,,
0.6401060861378826,0.10137316293255967,0.0035861330752122262,lm_large,swiglu,871fbdde-1e20-4098-b3f8-2a079133313a,,,
0.6571656332643055,0.10057823298547072,0.0035249939544904287,lm_large,swiglu,2a9d2d01-b5d5-4b76-bf62-009dba027b65,,,
0.22161630572925034,0.10273754045284321,0.0031869389466568604,lm_large,gelu,87bd70fb-0313-4bf8-8c38-0019e2fbf233,,,
0.22181737009801486,0.10289971336800165,0.003200020880199603,lm_large,gelu,416bf720-e494-4df9-947a-a8b19c9fcaab,,,
0.22147235154293454,0.10217974099759869,0.0031608527063410594,lm_large,gelu,e7b52691-a141-461a-8711-f83d17cbc833,,,
0.2198454631200435,0.10343263324450415,0.0032202071310166312,lm_large,gelu,94cc49a5-75bf-4e86-8674-dd368e8782a9,,,
0.22162584785464437,0.10239144892415465,0.0031764477469029577,lm_large,gelu,80a6da6a-0592-4411-b26a-11dc224292b1,,,
0.21935751309366774,0.10293376359819223,0.0032066008143342133,lm_large,gelu,8ce7a766-7ff9-437e-8004-d896186e3a7f,,,
0.2202744126585303,0.10246961035384093,0.003191295349835902,lm_large,gelu,0c1851e3-fce1-4d76-8eff-a277a58fb53d,,,
0.22113203859729402,0.10294620312780677,0.0031884185414172827,lm_large,gelu,28a7e50e-6d77-4044-9109-605c4782a2e9,,,
2.220995449912415,0.04470677756009181,0.0016191161945072292,lm,scaled_tanh,d5be948a-c557-4216-b1db-1c1d5ca03bf4,,0.00011852257404463147,0.004566389598031909
2.2105162585425577,0.04451564861332364,0.0016123891568710599,lm,scaled_tanh,4b9b9da6-779a-4679-a570-806907e31a51,,9.606232422526621e-05,0.004537422058845331
2.2086976934568687,0.04463912171265053,0.0016154086774926224,lm,scaled_tanh,bf41cff5-9237-44e8-8e2b-d88d29e5c818,,0.00011589406223908014,0.0042904991802371695
2.2119441334979757,0.044626287726285796,0.0016157556108349403,lm,scaled_tanh,f83f0ed4-8220-4520-aba5-c62b756030b7,,7.619976573143141e-05,0.004254827836654365
2.2066233452939423,0.04465888174266574,0.0016185662331327196,lm,scaled_tanh,d20499bf-4d3c-4a29-a8fb-6e318a9bcd5b,,0.00010062632187405514,0.0043334009914635764
2.2121747874372737,0.04481428345565606,0.0016253682976259147,lm,scaled_tanh,441481d2-4809-458f-822e-0b2987667132,,0.0001021457418428197,0.004261931214892567
2.2178822083603813,0.0443136394104118,0.0016010455563444015,lm,scaled_tanh,d9ed5fd0-fa46-4cc8-b4d5-739039fb92a7,,9.398201606451828e-05,0.004468626367239765
2.209538048069582,0.04471272102040925,0.0016194975120413743,lm,scaled_tanh,c940d039-ba24-4092-9cd3-08ca315a4903,,0.00012186310681584043,0.0045910455684220666
0.5004055722641467,0.448075922292579,0.04222434215377205,cls,tanh,163a4b55-ad48-4ec0-a84b-a86366f0e114,,0.0,2.980047861735026e-05
0.5003840506990272,0.4593032141551597,0.042873174440411436,cls,tanh,2d22f50b-7299-4f36-bcf9-9a47f8280bd9,,2.5431315104166667e-11,6.27157719930013e-05
0.4976101781431313,0.46916715427494377,0.043468136294688146,cls,tanh,37a07867-6473-4e31-9a2a-9c1e45b32b9e,,0.0,2.952690124511719e-05
0.4976422768512839,0.4467422602195743,0.04277387780698095,cls,tanh,9fd643ad-4322-41a4-866c-a558fe678314,,0.0,4.262343088785807e-05
0.4921252560130146,0.46934432954312744,0.043706779498611535,cls,tanh,5414c570-ccbb-4238-af66-fcaae6eb117a,,1.2715657552083333e-11,4.23559824625651e-05
0.4981894976218031,0.4541167353346105,0.04292442716106073,cls,tanh,ac90d20c-085f-4d18-a070-d2b2d93337b5,,3.814697265625e-11,3.421279907226562e-05
0.4977816685254848,0.4331968739017927,0.0411607991351235,cls,tanh,3c003cdb-1c93-436f-afcf-198f534ea862,,1.2715657552083333e-11,2.3705546061197918e-05
0.4987077658740176,0.47732102967916057,0.04447505866361775,cls,tanh,da3871df-cf0a-429a-aa65-bbc2a9c7a4e2,,4.323323567708333e-10,4.6585159301757815e-05
2.1250378761130135,0.3133938357231654,0.02697771647040502,vision_vit,scaled_tanh,8fb0f452-4f8a-45b2-8237-bebfc057580f,,0.00010122909706428889,0.003979657038986207
2.1296662090707663,0.3111152095409375,0.02653822700485174,vision_vit,scaled_tanh,7691d5c2-5d64-49b7-b8c1-826bbdcfbf59,,5.1304210384145315e-05,0.0029812207338405683
2.1481248386829996,0.30015388890023903,0.02608018103351561,vision_vit,scaled_tanh,6aba1f54-5967-49e7-830e-7a18907aa11a,,4.9690487209102096e-05,0.003445842862966734
2.150818011503612,0.3034446526423846,0.026021856799241568,vision_vit,scaled_tanh,e3ba733b-b08b-43e1-9c0a-fa8f9f9f885f,,0.00010639219930855694,0.0046249385001745705
2.145361985561852,0.2988109152384595,0.0258860433244697,vision_vit,scaled_tanh,013582eb-ba29-4588-b8da-07df61c836bb,,5.035420942941392e-05,0.0037733472123865526
2.1441578242744797,0.3090244154490898,0.026339821497084172,vision_vit,scaled_tanh,94c1061b-2aa6-41e8-a6ae-62e43d3f170c,,9.505199930878315e-05,0.004161840493375657
2.1301101277069794,0.30625683710295915,0.026181547866140995,vision_vit,scaled_tanh,b00f2199-347e-428d-9e2c-70a9d1a115e2,,5.3816162246447e-05,0.0030146969359199837
2.1432302026414094,0.31029796169874174,0.026451226432046074,vision_vit,scaled_tanh,fa581667-6d4e-4cc4-a3ac-1668341af5e3,,0.00012544846449704907,0.004489174250499059
2.764890476821388,0.0918369071297695,0.0026943411111057195,lm_large,scaled_tanh,2c35fd2a-0cf4-4391-ae5f-86f388244632,,0.03538909205198145,0.10661900006123017
2.758446276282008,0.0930785026459683,0.0027249447626712105,lm_large,scaled_tanh,96fc5f66-b281-4abe-8988-d8a7d194272e,,0.032154318315583026,0.10058339052201459
2.774293858875038,0.09140621576036469,0.0026543301312438455,lm_large,scaled_tanh,ec6fd8b8-4c70-43a4-b249-cc803dce7230,,0.035196420532842915,0.10791129286120896
2.765047893074027,0.09275312137863524,0.0027160810743481613,lm_large,scaled_tanh,6bde4ff3-df51-4ea9-a206-e5b24624dd1d,,0.03323094958554894,0.1035833461070595
2.768280994809051,0.09214494718903844,0.0026848662368575324,lm_large,scaled_tanh,e500fef2-9b22-4c77-97b5-4ac0d9e4a378,,0.03274686797179865,0.10289604870389724
2.7656205646090766,0.09166019329598302,0.00268126925858343,lm_large,scaled_tanh,20f3cfc5-c725-44bd-8418-5fc7bc2ab23c,,0.03598419108094178,0.10837520534052318
2.767513296725557,0.09151135894072286,0.0026666162499172454,lm_large,scaled_tanh,266e1305-00b5-41b2-b62b-1e2fe560c6c2,,0.03365065023637027,0.1045315907439582
2.7529065244254234,0.09217213263203368,0.002701129546850183,lm_large,scaled_tanh,f04ff681-769c-4cd5-8d57-de023b2f23bd,,0.03177262468259712,0.10011971599690193
,0.0478804117304195,0.0017752005117702293,lm,tanh,f80b8aa2-c3b9-4157-996b-6c7b84466755,,8.777041664327168e-05,0.004169302500015476
0.5524329649211741,0.04814738241176026,0.0017887206304301193,lm,tanh,7e23ea5d-4b08-444f-be1d-8020cbc0677c,,9.7527304578082e-05,0.004518941628126911
,0.048037186330943664,0.0017824730357741759,lm,tanh,9c5c5f67-9358-45dc-a262-b8632fd8822e,,8.466118595354073e-05,0.004309132833073572
0.5531828796961831,0.048151844100847115,0.0017862553273359394,lm,tanh,946588d5-bc4f-4556-9b0f-f089fefc5491,,8.942681063112415e-05,0.0044742263296745
,0.048839606892590634,0.0018212012476501718,lm,tanh,31b4bb89-57ee-4c91-9c1f-55627e89f1d3,,0.000125210819719525,0.004710705424542954
,0.048145481747032794,0.0017872069740023353,lm,tanh,d476da16-f851-488a-8a50-6ddda81c51c2,,7.014637315824786e-05,0.0039650734421197206
0.5520430629695292,0.048281474765293826,0.0017923554735881227,lm,tanh,16fa5609-8e55-4978-93c6-8115b3315b98,,0.0001720364619828628,0.004895199501217472
0.549774658190787,0.04795255822478091,0.0017799340717598129,lm,tanh,f8803b2e-5f8e-4606-ab07-dbe58369d4e6,,8.134977673296402e-05,0.00392585072228917
