run_id,task,activation,seed,completed,best_val_top1,best_val_top1_epoch,best_val_f1,best_val_f1_epoch,train_loss_epoch,val_loss,val_top1,val_f1,throughput_tokens_per_sec,peak_gpu_mem_mb
a98e4859-dc3f-427a-886a-ed97df51f01a,cls,leaky,3,True,0.9194737076759338,2,0.9190918803215028,2,0.147189199924469,0.3500862717628479,0.9169737100601196,0.9165189266204834,602948.1875,187.27474975585935
a43830c6-0673-4227-97f7-0bfb51983164,cls,leaky,6,True,0.9175000190734864,2,0.9170476198196412,2,0.1528897881507873,0.3542936444282532,0.9113157987594604,0.9108215570449828,636818.25,187.27474975585935
14e1d4a0-265d-4dfe-b801-64117b4653f7,cls,leaky,4,True,0.9230263233184814,3,0.9226583242416382,3,0.1495411843061447,0.3170950412750244,0.9211841821670532,0.9207754731178284,594399.875,187.27474975585935
8ba60e52-ee35-4a73-a056-3619d98af9f6,cls,leaky,2,True,0.9223684072494508,2,0.9220629930496216,2,0.1455046832561493,0.3253252506256103,0.9200000166893004,0.9196587800979614,538669.4375,187.27474975585935
ffb438c6-e643-4703-8e4a-7084dc117406,cls,leaky,0,True,0.921052634716034,3,0.920670211315155,3,0.1461748629808426,0.3264394998550415,0.92092102766037,0.9205312132835388,566501.4375,187.27474975585935
afb82af1-f424-4877-a897-0510fc578640,cls,leaky,7,True,0.9231578707695008,2,0.9227691292762756,2,0.1470329612493515,0.3197318315505981,0.9198684096336364,0.91943621635437,591991.375,187.27474975585935
c758eb44-d66e-44e3-bd85-7f12d00b11c9,cls,leaky,1,True,0.9176315665245056,2,0.9172067642211914,2,0.1507486701011657,0.3470067977905273,0.9146052598953248,0.9140850305557252,603405.375,187.27474975585935
6751ede8-1b0f-460a-bca0-bdb22be1af7e,cls,leaky,5,True,0.9205263257026672,2,0.920229196548462,2,0.149082064628601,0.3365327715873718,0.9181578755378724,0.917694330215454,634192.4375,187.27474975585935
02092469-33ef-42fb-856e-f8322c4635f8,cls,mish,5,True,0.9225000143051147,2,0.9222780466079712,2,0.1564461439847946,0.3069100081920624,0.9205263257026672,0.920127809047699,619076.5,204.04684448242188
c33d9236-8385-4fa4-ab51-c20bc2cc407e,cls,mish,4,True,0.921973705291748,3,0.9216365814208984,3,0.1567758470773697,0.3002153038978576,0.9207894802093506,0.9204187393188475,613299.3125,204.04684448242188
b47657e3-af72-4bd0-af0f-cd22074506ba,cls,mish,0,True,0.9197368621826172,2,0.9193575382232666,2,0.1546504646539688,0.3108323514461517,0.9190789461135864,0.9187015891075134,582489.1875,204.04684448242188
49d0c284-d223-446b-ae61-4528bc5e88e6,cls,mish,3,True,0.9215789437294006,3,0.9212555289268494,3,0.1545597910881042,0.3125375211238861,0.92092102766037,0.9205689430236816,593700.4375,204.04684448242188
8aca48a3-2230-4192-991a-57dcef0586fe,cls,mish,6,True,0.918684184551239,2,0.9182380437850952,2,0.1610509604215622,0.321944385766983,0.9151315689086914,0.9147229194641112,619682.25,204.04684448242188
fb3ad292-403f-49d1-8945-021d44378c78,cls,mish,1,True,0.9184210300445556,2,0.9180610775947572,2,0.1584172248840332,0.3185822963714599,0.9161841869354248,0.9157110452651978,594823.4375,204.04684448242188
0d1fb4c9-666d-4a11-8954-8b18e03ffc8f,cls,mish,7,True,0.921973705291748,3,0.9216195344924928,3,0.1583090126514434,0.2954849898815155,0.9213157892227172,0.920961320400238,611047.0625,204.04684448242188
45e745df-c131-4492-b003-ff983a92104f,cls,mish,2,True,0.9221052527427672,2,0.9218026995658876,2,0.1575468331575393,0.3131587207317352,0.9196052551269532,0.91929030418396,586070.5,204.04684448242188
a5d0c902-d07b-4828-8613-e99590ac76fa,cls,scaled_tanh,3,True,0.9192105531692504,4,0.9189069867134094,4,0.1777238398790359,0.2959514558315277,0.9192105531692504,0.9189069867134094,575943.0,195.66848754882807
dd7c28c8-ae87-4309-bb1a-56696ee077c5,cls,scaled_tanh,1,True,0.9181578755378724,3,0.9178339838981628,3,0.1802999228239059,0.296449214220047,0.9176315665245056,0.9172438979148864,597455.6875,195.66848754882807
df48905b-8a4e-4816-8003-5f9cd1ac1d7e,cls,scaled_tanh,2,True,0.9198684096336364,4,0.9195714592933656,4,0.1784050315618515,0.2908694744110107,0.9198684096336364,0.9195714592933656,533811.4375,195.66848754882807
0dc09fe2-1b6c-4d5a-91d7-28009cff7b8f,cls,scaled_tanh,0,True,0.917236864566803,4,0.9167968034744264,4,0.1793562173843383,0.3016175627708435,0.917236864566803,0.9167968034744264,583501.0625,195.66848754882807
3fca3267-d6ac-4ae4-a000-f80fc41cbf48,cls,scaled_tanh,6,True,0.9198684096336364,2,0.9195205569267272,2,0.1825874894857406,0.2886137068271637,0.9192105531692504,0.918915033340454,592107.0625,195.66848754882807
7f08d2e0-2a0a-44cc-b4ce-fc7d8e9bc26f,cls,scaled_tanh,5,True,0.9176315665245056,3,0.9172672629356384,3,0.1782624274492263,0.2909870445728302,0.9163157939910888,0.9159516096115112,538568.8125,195.66848754882807
babe1d7f-48b9-4cde-b1ea-3ffe7b1acb4d,cls,scaled_tanh,7,True,0.9201315641403198,2,0.9199001789093018,2,0.1772443503141403,0.2912415862083435,0.9184210300445556,0.9181418418884276,601820.6875,195.66848754882807
d15d1aec-20bb-47d2-9387-daef57c584f8,cls,scaled_tanh,4,True,0.9190789461135864,3,0.9187825918197632,3,0.1759344339370727,0.2962972819805145,0.9177631735801696,0.917416214942932,602438.5625,195.66848754882807
094f1eef-858d-4ca8-a6ff-1541fdf7c3f0,cls,relu,3,True,0.9192105531692504,3,0.918773889541626,3,0.1465930640697479,0.3516538143157959,0.9169737100601196,0.9165175557136536,649951.75,187.27474975585935
332b425f-6b60-4eaf-9c96-35daa4b5bb9c,cls,relu,2,True,0.9222368597984314,2,0.921936333179474,2,0.1449347883462906,0.325743019580841,0.92092102766037,0.9205840229988098,613215.6875,187.27474975585935
ba050ed3-adeb-4e25-92af-5850a7bc33ef,cls,relu,4,True,0.922631561756134,3,0.9222631454467772,3,0.1490103751420974,0.3180164992809295,0.9207894802093506,0.9203797578811646,552167.3125,187.27474975585935
792ff954-6323-4e17-9172-af587c5d0395,cls,relu,0,True,0.9217105507850648,3,0.9213374853134156,3,0.1455786526203155,0.3269920945167541,0.9211841821670532,0.9208009839057922,598786.4375,187.27474975585935
c38b9f67-3283-4fc6-b5a5-335cb6b281ad,cls,relu,1,True,0.9175000190734864,2,0.9170786738395692,2,0.1501687169075012,0.3476911783218384,0.9147368669509888,0.9142224788665771,655700.5625,187.27474975585935
4f515838-3fe3-4eef-8cb6-a84bf74d76e4,cls,relu,5,True,0.9205263257026672,2,0.9202262163162231,2,0.1484443545341491,0.337544322013855,0.9185526371002196,0.9181023836135864,668280.5,187.27474975585935
3e7fad92-4f45-4f0d-9afc-2941cc3e023e,cls,relu,6,True,0.9171052575111388,2,0.9166521430015564,2,0.1523278355598449,0.3550372421741485,0.9113157987594604,0.9108246564865112,638357.6875,187.27474975585935
7b4190d8-b5df-4917-bc66-18110fab7f6c,cls,relu,7,True,0.9232894778251648,2,0.9229123592376708,2,0.1464646756649017,0.3203124403953552,0.9194737076759338,0.9190303683280944,636258.6875,187.27474975585935
5415e385-1535-476c-892a-6b4a260cdb58,cls,gelu,1,True,0.9201315641403198,2,0.9197849035263062,2,0.149914875626564,0.3188187181949615,0.9176315665245056,0.9171665906906128,622860.625,187.26963806152344
6f02e9ad-d596-4eb1-9e19-443e9690da44,cls,gelu,0,True,0.9205263257026672,4,0.92018061876297,4,0.1458738893270492,0.3123224973678589,0.9205263257026672,0.92018061876297,638476.6875,187.26963806152344
d6f5197a-05a5-486e-9296-8deb84ccc57d,cls,gelu,5,True,0.923552632331848,2,0.9233118295669556,2,0.1493632793426513,0.3120208382606506,0.9213157892227172,0.9209029078483582,646153.1875,187.26963806152344
4a907c8c-3ba6-4a01-80ad-a54e0675f731,cls,gelu,3,True,0.9223684072494508,3,0.9220242500305176,3,0.1459481865167617,0.3192762732505798,0.921842098236084,0.9214684963226318,627699.1875,187.26963806152344
92760cfe-dbfc-4d09-9604-3d30528ae90f,cls,gelu,6,True,0.9193421006202698,2,0.9189140796661376,2,0.1531465053558349,0.3282355964183807,0.9144737124443054,0.91404390335083,643235.375,187.26963806152344
b981fb70-2ece-47a1-821b-e66fc141aab0,cls,gelu,4,True,0.923552632331848,3,0.923211932182312,3,0.1497986912727356,0.2997618913650512,0.921973705291748,0.921584129333496,555770.125,187.26963806152344
15134e1b-e898-452f-b155-b4d0cfb428b0,cls,gelu,7,True,0.9230263233184814,2,0.922634482383728,2,0.1490950733423233,0.3046797215938568,0.9214473962783812,0.9210525155067444,639130.125,187.26963806152344
a1c6c234-2a26-49fb-b6f5-f2ff252014f5,cls,gelu,2,True,0.9239473938941956,2,0.9236838817596436,2,0.1459561139345169,0.3123931288719177,0.9222368597984314,0.921940267086029,610386.0625,187.26963806152344
d878fdd0-64ba-46c0-b90b-f1042994774f,cls,silu,7,True,0.9217105507850648,3,0.9213660955429076,3,0.1591135859489441,0.2941417396068573,0.9203947186470032,0.9200266599655152,579790.625,187.26963806152344
b8aac140-d9f4-4138-b043-f856d894d164,cls,silu,1,True,0.9188157916069032,2,0.9184861183166504,2,0.1578592658042907,0.3163115084171295,0.9167105555534364,0.9162552952766418,644884.5,187.26963806152344
630f2a24-ac01-4f97-b4be-8ae19b718e4a,cls,silu,4,True,0.9228947162628174,3,0.9225701093673706,3,0.1566093266010284,0.2977423071861267,0.9215789437294006,0.9212007522583008,667491.8125,187.26963806152344
a5cd5b79-f846-49fa-960b-dbea1f648aaa,cls,silu,0,True,0.9205263257026672,3,0.9201446771621704,3,0.1551717966794967,0.3063141405582428,0.9194737076759338,0.9190807342529296,637296.625,187.26963806152344
59327ef1-09c7-4719-8434-bac6b90cabaa,cls,silu,2,True,0.9222368597984314,2,0.9219432473182678,2,0.1563173979520797,0.3104115426540375,0.9203947186470032,0.9200680255889891,548065.0,187.26963806152344
eb493763-e847-40e1-91bd-41070bdf7bb0,cls,silu,3,True,0.9206578731536864,3,0.920335054397583,3,0.1541804373264312,0.3076880872249603,0.9206578731536864,0.9202861785888672,624513.5625,187.26963806152344
03301804-add5-4541-927a-b028ef85ff85,cls,silu,5,True,0.9225000143051147,2,0.9222885370254515,2,0.1562537550926208,0.3057311773300171,0.9203947186470032,0.919999361038208,596028.8125,187.26963806152344
b5ae245a-3e24-4c6e-9353-c609433fd8bc,cls,silu,6,True,0.918684184551239,2,0.9182322025299072,2,0.1614810079336166,0.3189966976642608,0.9157894849777222,0.915402889251709,633808.5,187.26963806152344
53cfa4bd-edac-4bce-9efd-3ff945cab517,cls,swiglu,5,True,0.9252631664276124,3,0.9250365495681764,3,0.1195374205708503,0.3135815560817718,0.9239473938941956,0.923648238182068,654565.8125,192.1413116455078
3b036d2d-fdf9-4394-ac22-1151b5cd5d35,cls,swiglu,3,True,0.9247368574142456,2,0.9244494438171388,2,0.1248093247413635,0.299612820148468,0.9246052503585817,0.924346923828125,651037.8125,192.1413116455078
68abaf42-c010-40b5-aacf-648e69c6b17f,cls,swiglu,1,True,0.9256578683853148,4,0.9253986477851868,4,0.1229006722569465,0.3032458126544952,0.9256578683853148,0.9253986477851868,667559.9375,192.1413116455078
c9ffe023-a6f0-4310-b572-76c9badcbe38,cls,swiglu,6,True,0.9242105484008788,1,0.9240150451660156,1,0.1170961111783981,0.3160414397716522,0.9232894778251648,0.9229092597961426,617054.5,192.1413116455078
58a08999-16b8-4eaf-85cb-68acec8738c0,cls,swiglu,7,True,0.9260526299476624,2,0.9257804155349731,2,0.1164658516645431,0.301695853471756,0.9240789413452148,0.9238188862800598,608319.125,192.1413116455078
77acd764-741d-4945-afa2-56dca43013c8,cls,swiglu,2,True,0.9228947162628174,2,0.922559380531311,2,0.1187945455312728,0.3145836889743805,0.9221052527427672,0.9218056797981262,635492.375,192.1413116455078
173c1618-c76e-4b10-9d89-3675bd56ca33,cls,swiglu,4,True,0.9244737029075624,3,0.9242783784866332,3,0.1181541606783866,0.3186292052268982,0.9238157868385316,0.9235209822654724,616251.4375,192.1413116455078
44d6291d-43d5-49f2-8981-aaa5c39d0aea,cls,swiglu,0,True,0.9239473938941956,4,0.923669457435608,4,0.1213544458150863,0.3150911629199981,0.9239473938941956,0.923669457435608,624009.0625,192.1413116455078
163a4b55-ad48-4ec0-a84b-a86366f0e114,cls,tanh,2,True,0.9197368621826172,4,0.9193963408470154,4,0.17073854804039,0.2957781553268432,0.9197368621826172,0.9193963408470154,592664.4375,187.2798767089844
2d22f50b-7299-4f36-bcf9-9a47f8280bd9,cls,tanh,5,True,0.9197368621826172,2,0.9194984436035156,2,0.1651308387517929,0.3041390776634216,0.9177631735801696,0.9173567295074464,637151.1875,187.2798767089844
37a07867-6473-4e31-9a2a-9c1e45b32b9e,cls,tanh,3,True,0.9193421006202698,3,0.9190096855163574,3,0.1665936410427093,0.3085151314735412,0.9181578755378724,0.9177243709564208,578085.5625,187.2798767089844
9fd643ad-4322-41a4-866c-a558fe678314,cls,tanh,6,True,0.9188157916069032,4,0.918465256690979,4,0.1701100170612335,0.3063025176525116,0.9188157916069032,0.918465256690979,608475.1875,187.2798767089844
5414c570-ccbb-4238-af66-fcaae6eb117a,cls,tanh,0,True,0.9165789484977722,4,0.9161679148674012,4,0.1642715781927108,0.3157311975955963,0.9165789484977722,0.9161679148674012,584804.0625,187.2798767089844
ac90d20c-085f-4d18-a070-d2b2d93337b5,cls,tanh,1,True,0.9194737076759338,2,0.9191188216209412,2,0.1673701852560043,0.3003535866737366,0.9176315665245056,0.9172290563583374,570754.25,187.2798767089844
3c003cdb-1c93-436f-afcf-198f534ea862,cls,tanh,7,True,0.9215789437294006,2,0.9211996793746948,2,0.1682424545288086,0.2839753627777099,0.9200000166893004,0.9196850061416626,625259.1875,187.2798767089844
da3871df-cf0a-429a-aa65-bbc2a9c7a4e2,cls,tanh,4,True,0.9189473390579224,3,0.9186334609985352,3,0.1682639122009277,0.3049724400043487,0.9185526371002196,0.9182188510894777,568526.125,187.2798767089844
